_measurement,context_id,_metric_report,_time,_value
dell_poweredge_TemperatureReading,CPU1 Temp,CPUSensor,2022-02-07T08:00:04Z,47
dell_poweredge_TemperatureReading,CPU1 Temp,CPUSensor,2022-02-07T08:00:09Z,47
dell_poweredge_TemperatureReading,CPU1 Temp,CPUSensor,2022-02-07T08:00:14Z,47
dell_poweredge_TemperatureReading,CPU1 Temp,CPUSensor,2022-02-07T08:00:18Z,48
dell_poweredge_TemperatureReading,CPU1 Temp,CPUSensor,2022-02-07T08:00:23Z,48
dell_poweredge_TemperatureReading,CPU1 Temp,CPUSensor,2022-02-07T08:00:28Z,48
dell_poweredge_TemperatureReading,CPU1 Temp,CPUSensor,2022-02-07T08:00:33Z,48
dell_poweredge_TemperatureReading,CPU1 Temp,CPUSensor,2022-02-07T08:00:38Z,48
dell_poweredge_TemperatureReading,CPU1 Temp,CPUSensor,2022-02-07T08:00:42Z,48
dell_poweredge_TemperatureReading,CPU1 Temp,CPUSensor,2022-02-07T08:00:47Z,48
dell_poweredge_TemperatureReading,CPU1 Temp,CPUSensor,2022-02-07T08:00:52Z,48
dell_poweredge_TemperatureReading,CPU1 Temp,CPUSensor,2022-02-07T08:00:57Z,48
dell_poweredge_TemperatureReading,CPU1 Temp,CPUSensor,2022-02-07T08:01:02Z,48
dell_poweredge_TemperatureReading,CPU1 Temp,CPUSensor,2022-02-07T08:01:06Z,48
dell_poweredge_TemperatureReading,CPU1 Temp,CPUSensor,2022-02-07T08:01:11Z,48
dell_poweredge_TemperatureReading,CPU1 Temp,CPUSensor,2022-02-07T08:01:16Z,48
dell_poweredge_TemperatureReading,CPU1 Temp,CPUSensor,2022-02-07T08:01:21Z,48
dell_poweredge_TemperatureReading,CPU1 Temp,CPUSensor,2022-02-07T08:01:26Z,48
dell_poweredge_TemperatureReading,CPU1 Temp,CPUSensor,2022-02-07T08:01:30Z,48
dell_poweredge_TemperatureReading,CPU1 Temp,CPUSensor,2022-02-07T08:01:35Z,48
dell_poweredge_TemperatureReading,CPU1 Temp,CPUSensor,2022-02-07T08:01:40Z,48
dell_poweredge_TemperatureReading,CPU1 Temp,CPUSensor,2022-02-07T08:01:45Z,48
dell_poweredge_TemperatureReading,CPU1 Temp,CPUSensor,2022-02-07T08:01:50Z,48
dell_poweredge_TemperatureReading,CPU1 Temp,CPUSensor,2022-02-07T08:01:55Z,48
dell_poweredge_TemperatureReading,CPU1 Temp,CPUSensor,2022-02-07T08:02:00Z,48
dell_poweredge_TemperatureReading,CPU1 Temp,CPUSensor,2022-02-07T08:02:05Z,48
dell_poweredge_TemperatureReading,CPU1 Temp,CPUSensor,2022-02-07T08:02:10Z,48
dell_poweredge_TemperatureReading,CPU1 Temp,CPUSensor,2022-02-07T08:02:17Z,48
dell_poweredge_TemperatureReading,CPU1 Temp,CPUSensor,2022-02-07T08:02:22Z,48
dell_poweredge_TemperatureReading,CPU1 Temp,CPUSensor,2022-02-07T08:02:27Z,48
dell_poweredge_TemperatureReading,CPU1 Temp,CPUSensor,2022-02-07T08:02:32Z,48
dell_poweredge_TemperatureReading,CPU1 Temp,CPUSensor,2022-02-07T08:02:37Z,48
dell_poweredge_TemperatureReading,CPU1 Temp,CPUSensor,2022-02-07T08:02:41Z,48
dell_poweredge_TemperatureReading,CPU1 Temp,CPUSensor,2022-02-07T08:02:46Z,48
dell_poweredge_TemperatureReading,CPU1 Temp,CPUSensor,2022-02-07T08:02:51Z,48
dell_poweredge_TemperatureReading,CPU1 Temp,CPUSensor,2022-02-07T08:02:56Z,48
dell_poweredge_TemperatureReading,CPU1 Temp,CPUSensor,2022-02-07T08:03:01Z,48
dell_poweredge_TemperatureReading,CPU1 Temp,CPUSensor,2022-02-07T08:03:05Z,48
dell_poweredge_TemperatureReading,CPU1 Temp,CPUSensor,2022-02-07T08:03:10Z,48
dell_poweredge_TemperatureReading,CPU1 Temp,CPUSensor,2022-02-07T08:03:15Z,48
dell_poweredge_TemperatureReading,CPU1 Temp,CPUSensor,2022-02-07T08:03:20Z,48
dell_poweredge_TemperatureReading,CPU1 Temp,CPUSensor,2022-02-07T08:03:25Z,48
dell_poweredge_TemperatureReading,CPU1 Temp,CPUSensor,2022-02-07T08:03:29Z,48
dell_poweredge_TemperatureReading,CPU1 Temp,CPUSensor,2022-02-07T08:03:34Z,48
dell_poweredge_TemperatureReading,CPU1 Temp,CPUSensor,2022-02-07T08:03:39Z,48
dell_poweredge_TemperatureReading,CPU1 Temp,CPUSensor,2022-02-07T08:03:44Z,48
dell_poweredge_TemperatureReading,CPU1 Temp,CPUSensor,2022-02-07T08:03:49Z,48
dell_poweredge_TemperatureReading,CPU1 Temp,CPUSensor,2022-02-07T08:03:53Z,46
dell_poweredge_TemperatureReading,CPU1 Temp,CPUSensor,2022-02-07T08:03:58Z,46
dell_poweredge_TemperatureReading,CPU1 Temp,CPUSensor,2022-02-07T08:04:03Z,46
dell_poweredge_TemperatureReading,CPU1 Temp,CPUSensor,2022-02-07T08:04:08Z,46
dell_poweredge_TemperatureReading,CPU1 Temp,CPUSensor,2022-02-07T08:04:13Z,46
dell_poweredge_TemperatureReading,CPU1 Temp,CPUSensor,2022-02-07T08:04:17Z,48
dell_poweredge_TemperatureReading,CPU1 Temp,CPUSensor,2022-02-07T08:04:22Z,48
dell_poweredge_TemperatureReading,CPU1 Temp,CPUSensor,2022-02-07T08:04:27Z,48
dell_poweredge_TemperatureReading,CPU1 Temp,CPUSensor,2022-02-07T08:04:32Z,48
dell_poweredge_TemperatureReading,CPU1 Temp,CPUSensor,2022-02-07T08:04:37Z,48
dell_poweredge_TemperatureReading,CPU1 Temp,CPUSensor,2022-02-07T08:04:41Z,48
dell_poweredge_TemperatureReading,CPU1 Temp,CPUSensor,2022-02-07T08:04:46Z,48
dell_poweredge_TemperatureReading,CPU1 Temp,CPUSensor,2022-02-07T08:04:51Z,48
dell_poweredge_TemperatureReading,CPU1 Temp,CPUSensor,2022-02-07T08:04:56Z,48
dell_poweredge_TemperatureReading,CPU1 Temp,CPUSensor,2022-02-07T08:05:01Z,48
dell_poweredge_TemperatureReading,CPU1 Temp,CPUSensor,2022-02-07T08:05:05Z,48
dell_poweredge_TemperatureReading,CPU1 Temp,CPUSensor,2022-02-07T08:05:10Z,48
dell_poweredge_TemperatureReading,CPU1 Temp,CPUSensor,2022-02-07T08:05:15Z,48
dell_poweredge_TemperatureReading,CPU1 Temp,CPUSensor,2022-02-07T08:05:20Z,48
dell_poweredge_TemperatureReading,CPU1 Temp,CPUSensor,2022-02-07T08:05:25Z,48
dell_poweredge_TemperatureReading,CPU1 Temp,CPUSensor,2022-02-07T08:05:29Z,48
dell_poweredge_TemperatureReading,CPU1 Temp,CPUSensor,2022-02-07T08:05:34Z,48
dell_poweredge_TemperatureReading,CPU1 Temp,CPUSensor,2022-02-07T08:05:39Z,48
dell_poweredge_TemperatureReading,CPU1 Temp,CPUSensor,2022-02-07T08:05:44Z,48
dell_poweredge_TemperatureReading,CPU1 Temp,CPUSensor,2022-02-07T08:05:49Z,48
dell_poweredge_TemperatureReading,CPU1 Temp,CPUSensor,2022-02-07T08:05:53Z,48
dell_poweredge_TemperatureReading,CPU1 Temp,CPUSensor,2022-02-07T08:05:58Z,48
dell_poweredge_TemperatureReading,CPU1 Temp,CPUSensor,2022-02-07T08:06:03Z,48
dell_poweredge_TemperatureReading,CPU1 Temp,CPUSensor,2022-02-07T08:06:08Z,48
dell_poweredge_TemperatureReading,CPU1 Temp,CPUSensor,2022-02-07T08:06:13Z,48
dell_poweredge_TemperatureReading,CPU1 Temp,CPUSensor,2022-02-07T08:06:17Z,48
dell_poweredge_TemperatureReading,CPU1 Temp,CPUSensor,2022-02-07T08:06:22Z,48
dell_poweredge_TemperatureReading,CPU1 Temp,CPUSensor,2022-02-07T08:06:27Z,48
dell_poweredge_TemperatureReading,CPU1 Temp,CPUSensor,2022-02-07T08:06:32Z,48
dell_poweredge_TemperatureReading,CPU1 Temp,CPUSensor,2022-02-07T08:06:37Z,48
dell_poweredge_TemperatureReading,CPU1 Temp,CPUSensor,2022-02-07T08:06:42Z,48
dell_poweredge_TemperatureReading,CPU1 Temp,CPUSensor,2022-02-07T08:06:47Z,48
dell_poweredge_TemperatureReading,CPU1 Temp,CPUSensor,2022-02-07T08:06:52Z,48
dell_poweredge_TemperatureReading,CPU1 Temp,CPUSensor,2022-02-07T08:06:57Z,48
dell_poweredge_TemperatureReading,CPU1 Temp,CPUSensor,2022-02-07T08:07:02Z,48
dell_poweredge_TemperatureReading,CPU1 Temp,CPUSensor,2022-02-07T08:07:05Z,48
dell_poweredge_TemperatureReading,CPU1 Temp,CPUSensor,2022-02-07T08:07:10Z,48
dell_poweredge_TemperatureReading,CPU1 Temp,CPUSensor,2022-02-07T08:07:15Z,48
dell_poweredge_TemperatureReading,CPU1 Temp,CPUSensor,2022-02-07T08:07:20Z,48
dell_poweredge_TemperatureReading,CPU1 Temp,CPUSensor,2022-02-07T08:07:25Z,48
dell_poweredge_TemperatureReading,CPU1 Temp,CPUSensor,2022-02-07T08:07:28Z,47
dell_poweredge_TemperatureReading,CPU1 Temp,CPUSensor,2022-02-07T08:07:33Z,47
dell_poweredge_TemperatureReading,CPU1 Temp,CPUSensor,2022-02-07T08:07:38Z,47
dell_poweredge_TemperatureReading,CPU1 Temp,CPUSensor,2022-02-07T08:07:43Z,47
dell_poweredge_TemperatureReading,CPU1 Temp,CPUSensor,2022-02-07T08:07:52Z,48
dell_poweredge_TemperatureReading,CPU1 Temp,CPUSensor,2022-02-07T08:07:57Z,48
dell_poweredge_TemperatureReading,CPU1 Temp,CPUSensor,2022-02-07T08:08:02Z,48
dell_poweredge_TemperatureReading,CPU1 Temp,CPUSensor,2022-02-07T08:08:07Z,48
dell_poweredge_TemperatureReading,CPU1 Temp,CPUSensor,2022-02-07T08:08:12Z,48
dell_poweredge_TemperatureReading,CPU1 Temp,CPUSensor,2022-02-07T08:08:17Z,48
dell_poweredge_TemperatureReading,CPU1 Temp,CPUSensor,2022-02-07T08:08:22Z,48
dell_poweredge_TemperatureReading,CPU1 Temp,CPUSensor,2022-02-07T08:08:27Z,48
dell_poweredge_TemperatureReading,CPU1 Temp,CPUSensor,2022-02-07T08:08:32Z,48
dell_poweredge_TemperatureReading,CPU1 Temp,CPUSensor,2022-02-07T08:08:37Z,48
dell_poweredge_TemperatureReading,CPU1 Temp,CPUSensor,2022-02-07T08:08:40Z,48
dell_poweredge_TemperatureReading,CPU1 Temp,CPUSensor,2022-02-07T08:08:45Z,48
dell_poweredge_TemperatureReading,CPU1 Temp,CPUSensor,2022-02-07T08:08:50Z,48
dell_poweredge_TemperatureReading,CPU1 Temp,CPUSensor,2022-02-07T08:08:55Z,48
dell_poweredge_TemperatureReading,CPU1 Temp,CPUSensor,2022-02-07T08:09:00Z,48
dell_poweredge_TemperatureReading,CPU1 Temp,CPUSensor,2022-02-07T08:09:04Z,48
dell_poweredge_TemperatureReading,CPU1 Temp,CPUSensor,2022-02-07T08:09:09Z,48
dell_poweredge_TemperatureReading,CPU1 Temp,CPUSensor,2022-02-07T08:09:14Z,48
dell_poweredge_TemperatureReading,CPU1 Temp,CPUSensor,2022-02-07T08:09:19Z,48
dell_poweredge_TemperatureReading,CPU1 Temp,CPUSensor,2022-02-07T08:09:24Z,48
dell_poweredge_TemperatureReading,CPU1 Temp,CPUSensor,2022-02-07T08:09:28Z,47
dell_poweredge_TemperatureReading,CPU1 Temp,CPUSensor,2022-02-07T08:09:33Z,47
dell_poweredge_TemperatureReading,CPU1 Temp,CPUSensor,2022-02-07T08:09:38Z,47
dell_poweredge_TemperatureReading,CPU1 Temp,CPUSensor,2022-02-07T08:09:43Z,47
dell_poweredge_TemperatureReading,CPU1 Temp,CPUSensor,2022-02-07T08:09:48Z,47
dell_poweredge_TemperatureReading,CPU1 Temp,CPUSensor,2022-02-07T08:09:52Z,48
dell_poweredge_TemperatureReading,CPU1 Temp,CPUSensor,2022-02-07T08:09:57Z,48
dell_poweredge_TemperatureReading,CPU1 Temp,CPUSensor,2022-02-07T08:10:02Z,48
dell_poweredge_TemperatureReading,CPU1 Temp,CPUSensor,2022-02-07T08:10:07Z,48
dell_poweredge_TemperatureReading,CPU1 Temp,CPUSensor,2022-02-07T08:10:12Z,48
dell_poweredge_TemperatureReading,CPU1 Temp,CPUSensor,2022-02-07T08:10:16Z,48
dell_poweredge_TemperatureReading,CPU1 Temp,CPUSensor,2022-02-07T08:10:21Z,48
dell_poweredge_TemperatureReading,CPU1 Temp,CPUSensor,2022-02-07T08:10:26Z,48
dell_poweredge_TemperatureReading,CPU1 Temp,CPUSensor,2022-02-07T08:10:31Z,48
dell_poweredge_TemperatureReading,CPU1 Temp,CPUSensor,2022-02-07T08:10:36Z,48
dell_poweredge_TemperatureReading,CPU1 Temp,CPUSensor,2022-02-07T08:10:40Z,47
dell_poweredge_TemperatureReading,CPU1 Temp,CPUSensor,2022-02-07T08:10:45Z,47
dell_poweredge_TemperatureReading,CPU1 Temp,CPUSensor,2022-02-07T08:10:50Z,47
dell_poweredge_TemperatureReading,CPU1 Temp,CPUSensor,2022-02-07T08:10:55Z,47
dell_poweredge_TemperatureReading,CPU1 Temp,CPUSensor,2022-02-07T08:11:00Z,47
dell_poweredge_TemperatureReading,CPU1 Temp,CPUSensor,2022-02-07T08:11:04Z,48
dell_poweredge_TemperatureReading,CPU1 Temp,CPUSensor,2022-02-07T08:11:09Z,48
dell_poweredge_TemperatureReading,CPU1 Temp,CPUSensor,2022-02-07T08:11:14Z,48
dell_poweredge_TemperatureReading,CPU1 Temp,CPUSensor,2022-02-07T08:11:19Z,48
dell_poweredge_TemperatureReading,CPU1 Temp,CPUSensor,2022-02-07T08:11:24Z,48
dell_poweredge_TemperatureReading,CPU1 Temp,CPUSensor,2022-02-07T08:11:28Z,48
dell_poweredge_TemperatureReading,CPU1 Temp,CPUSensor,2022-02-07T08:11:33Z,48
dell_poweredge_TemperatureReading,CPU1 Temp,CPUSensor,2022-02-07T08:11:38Z,48
dell_poweredge_TemperatureReading,CPU1 Temp,CPUSensor,2022-02-07T08:11:43Z,48
dell_poweredge_TemperatureReading,CPU1 Temp,CPUSensor,2022-02-07T08:11:48Z,48
dell_poweredge_TemperatureReading,CPU1 Temp,CPUSensor,2022-02-07T08:11:52Z,48
dell_poweredge_TemperatureReading,CPU1 Temp,CPUSensor,2022-02-07T08:11:57Z,48
dell_poweredge_TemperatureReading,CPU1 Temp,CPUSensor,2022-02-07T08:12:02Z,48
dell_poweredge_TemperatureReading,CPU1 Temp,CPUSensor,2022-02-07T08:12:07Z,48
dell_poweredge_TemperatureReading,CPU1 Temp,CPUSensor,2022-02-07T08:12:12Z,48
dell_poweredge_TemperatureReading,CPU1 Temp,CPUSensor,2022-02-07T08:12:16Z,48
dell_poweredge_TemperatureReading,CPU1 Temp,CPUSensor,2022-02-07T08:12:21Z,48
dell_poweredge_TemperatureReading,CPU1 Temp,CPUSensor,2022-02-07T08:12:26Z,48
dell_poweredge_TemperatureReading,CPU1 Temp,CPUSensor,2022-02-07T08:12:31Z,48
dell_poweredge_TemperatureReading,CPU1 Temp,CPUSensor,2022-02-07T08:12:36Z,48
dell_poweredge_TemperatureReading,CPU1 Temp,CPUSensor,2022-02-07T08:12:41Z,48
dell_poweredge_TemperatureReading,CPU1 Temp,CPUSensor,2022-02-07T08:12:46Z,48
dell_poweredge_TemperatureReading,CPU1 Temp,CPUSensor,2022-02-07T08:12:51Z,48
dell_poweredge_TemperatureReading,CPU1 Temp,CPUSensor,2022-02-07T08:12:56Z,48
dell_poweredge_TemperatureReading,CPU1 Temp,CPUSensor,2022-02-07T08:13:03Z,48
dell_poweredge_TemperatureReading,CPU1 Temp,CPUSensor,2022-02-07T08:13:08Z,48
dell_poweredge_TemperatureReading,CPU1 Temp,CPUSensor,2022-02-07T08:13:13Z,48
dell_poweredge_TemperatureReading,CPU1 Temp,CPUSensor,2022-02-07T08:13:18Z,48
dell_poweredge_TemperatureReading,CPU1 Temp,CPUSensor,2022-02-07T08:13:23Z,48
dell_poweredge_TemperatureReading,CPU1 Temp,CPUSensor,2022-02-07T08:13:28Z,48
dell_poweredge_TemperatureReading,CPU1 Temp,CPUSensor,2022-02-07T08:13:33Z,48
dell_poweredge_TemperatureReading,CPU1 Temp,CPUSensor,2022-02-07T08:13:38Z,48
dell_poweredge_TemperatureReading,CPU1 Temp,CPUSensor,2022-02-07T08:13:43Z,48
dell_poweredge_TemperatureReading,CPU1 Temp,CPUSensor,2022-02-07T08:13:48Z,48
dell_poweredge_TemperatureReading,CPU1 Temp,CPUSensor,2022-02-07T08:13:52Z,47
dell_poweredge_TemperatureReading,CPU1 Temp,CPUSensor,2022-02-07T08:13:57Z,47
dell_poweredge_TemperatureReading,CPU1 Temp,CPUSensor,2022-02-07T08:14:02Z,47
dell_poweredge_TemperatureReading,CPU1 Temp,CPUSensor,2022-02-07T08:14:07Z,47
dell_poweredge_TemperatureReading,CPU1 Temp,CPUSensor,2022-02-07T08:14:12Z,47
dell_poweredge_TemperatureReading,CPU1 Temp,CPUSensor,2022-02-07T08:14:15Z,48
dell_poweredge_TemperatureReading,CPU1 Temp,CPUSensor,2022-02-07T08:14:20Z,48
dell_poweredge_TemperatureReading,CPU1 Temp,CPUSensor,2022-02-07T08:14:25Z,48
dell_poweredge_TemperatureReading,CPU1 Temp,CPUSensor,2022-02-07T08:14:30Z,48
dell_poweredge_TemperatureReading,CPU1 Temp,CPUSensor,2022-02-07T08:14:35Z,48
dell_poweredge_TemperatureReading,CPU1 Temp,CPUSensor,2022-02-07T08:14:39Z,47
dell_poweredge_TemperatureReading,CPU1 Temp,CPUSensor,2022-02-07T08:14:44Z,47
dell_poweredge_TemperatureReading,CPU1 Temp,CPUSensor,2022-02-07T08:14:49Z,47
dell_poweredge_TemperatureReading,CPU1 Temp,CPUSensor,2022-02-07T08:14:54Z,47
dell_poweredge_TemperatureReading,CPU1 Temp,CPUSensor,2022-02-07T08:14:59Z,47
dell_poweredge_TemperatureReading,CPU1 Temp,CPUSensor,2022-02-07T08:15:03Z,48
dell_poweredge_TemperatureReading,CPU1 Temp,CPUSensor,2022-02-07T08:15:08Z,48
dell_poweredge_TemperatureReading,CPU1 Temp,CPUSensor,2022-02-07T08:15:13Z,48
dell_poweredge_TemperatureReading,CPU1 Temp,CPUSensor,2022-02-07T08:15:18Z,48
dell_poweredge_TemperatureReading,CPU1 Temp,CPUSensor,2022-02-07T08:15:23Z,48
dell_poweredge_TemperatureReading,CPU1 Temp,CPUSensor,2022-02-07T08:15:27Z,48
dell_poweredge_TemperatureReading,CPU1 Temp,CPUSensor,2022-02-07T08:15:32Z,48
dell_poweredge_TemperatureReading,CPU1 Temp,CPUSensor,2022-02-07T08:15:37Z,48
dell_poweredge_TemperatureReading,CPU1 Temp,CPUSensor,2022-02-07T08:15:42Z,48
dell_poweredge_TemperatureReading,CPU1 Temp,CPUSensor,2022-02-07T08:15:47Z,48
dell_poweredge_TemperatureReading,CPU1 Temp,CPUSensor,2022-02-07T08:15:51Z,48
dell_poweredge_TemperatureReading,CPU1 Temp,CPUSensor,2022-02-07T08:15:56Z,48
dell_poweredge_TemperatureReading,CPU1 Temp,CPUSensor,2022-02-07T08:16:01Z,48
dell_poweredge_TemperatureReading,CPU1 Temp,CPUSensor,2022-02-07T08:16:06Z,48
dell_poweredge_TemperatureReading,CPU1 Temp,CPUSensor,2022-02-07T08:16:11Z,48
dell_poweredge_TemperatureReading,CPU1 Temp,CPUSensor,2022-02-07T08:16:15Z,48
dell_poweredge_TemperatureReading,CPU1 Temp,CPUSensor,2022-02-07T08:16:20Z,48
dell_poweredge_TemperatureReading,CPU1 Temp,CPUSensor,2022-02-07T08:16:25Z,48
dell_poweredge_TemperatureReading,CPU1 Temp,CPUSensor,2022-02-07T08:16:30Z,48
dell_poweredge_TemperatureReading,CPU1 Temp,CPUSensor,2022-02-07T08:16:35Z,48
dell_poweredge_TemperatureReading,CPU1 Temp,CPUSensor,2022-02-07T08:16:38Z,47
dell_poweredge_TemperatureReading,CPU1 Temp,CPUSensor,2022-02-07T08:16:43Z,47
dell_poweredge_TemperatureReading,CPU1 Temp,CPUSensor,2022-02-07T08:16:48Z,47
dell_poweredge_TemperatureReading,CPU1 Temp,CPUSensor,2022-02-07T08:16:53Z,47
dell_poweredge_TemperatureReading,CPU1 Temp,CPUSensor,2022-02-07T08:16:58Z,47
dell_poweredge_TemperatureReading,CPU1 Temp,CPUSensor,2022-02-07T08:17:02Z,47
dell_poweredge_TemperatureReading,CPU1 Temp,CPUSensor,2022-02-07T08:17:07Z,47
dell_poweredge_TemperatureReading,CPU1 Temp,CPUSensor,2022-02-07T08:17:12Z,47
dell_poweredge_TemperatureReading,CPU1 Temp,CPUSensor,2022-02-07T08:17:17Z,47
dell_poweredge_TemperatureReading,CPU1 Temp,CPUSensor,2022-02-07T08:17:22Z,47
dell_poweredge_TemperatureReading,CPU1 Temp,CPUSensor,2022-02-07T08:17:26Z,48
dell_poweredge_TemperatureReading,CPU1 Temp,CPUSensor,2022-02-07T08:17:31Z,48
dell_poweredge_TemperatureReading,CPU1 Temp,CPUSensor,2022-02-07T08:17:36Z,48
dell_poweredge_TemperatureReading,CPU1 Temp,CPUSensor,2022-02-07T08:17:41Z,48
dell_poweredge_TemperatureReading,CPU1 Temp,CPUSensor,2022-02-07T08:17:46Z,48
dell_poweredge_TemperatureReading,CPU1 Temp,CPUSensor,2022-02-07T08:17:50Z,47
dell_poweredge_TemperatureReading,CPU1 Temp,CPUSensor,2022-02-07T08:17:55Z,47
dell_poweredge_TemperatureReading,CPU1 Temp,CPUSensor,2022-02-07T08:18:00Z,47
dell_poweredge_TemperatureReading,CPU1 Temp,CPUSensor,2022-02-07T08:18:05Z,47
dell_poweredge_TemperatureReading,CPU1 Temp,CPUSensor,2022-02-07T08:18:10Z,47
dell_poweredge_TemperatureReading,CPU1 Temp,CPUSensor,2022-02-07T08:18:15Z,47
dell_poweredge_TemperatureReading,CPU1 Temp,CPUSensor,2022-02-07T08:18:20Z,47
dell_poweredge_TemperatureReading,CPU1 Temp,CPUSensor,2022-02-07T08:18:25Z,47
dell_poweredge_TemperatureReading,CPU1 Temp,CPUSensor,2022-02-07T08:18:30Z,47
dell_poweredge_TemperatureReading,CPU1 Temp,CPUSensor,2022-02-07T08:18:35Z,47
dell_poweredge_TemperatureReading,CPU1 Temp,CPUSensor,2022-02-07T08:18:38Z,47
dell_poweredge_TemperatureReading,CPU1 Temp,CPUSensor,2022-02-07T08:18:43Z,47
dell_poweredge_TemperatureReading,CPU1 Temp,CPUSensor,2022-02-07T08:18:48Z,47
dell_poweredge_TemperatureReading,CPU1 Temp,CPUSensor,2022-02-07T08:18:53Z,47
dell_poweredge_TemperatureReading,CPU1 Temp,CPUSensor,2022-02-07T08:18:58Z,47
dell_poweredge_TemperatureReading,CPU1 Temp,CPUSensor,2022-02-07T08:19:02Z,48
dell_poweredge_TemperatureReading,CPU1 Temp,CPUSensor,2022-02-07T08:19:07Z,48
dell_poweredge_TemperatureReading,CPU1 Temp,CPUSensor,2022-02-07T08:19:12Z,48
dell_poweredge_TemperatureReading,CPU1 Temp,CPUSensor,2022-02-07T08:19:17Z,48
dell_poweredge_TemperatureReading,CPU1 Temp,CPUSensor,2022-02-07T08:19:22Z,48
dell_poweredge_TemperatureReading,CPU1 Temp,CPUSensor,2022-02-07T08:19:26Z,47
dell_poweredge_TemperatureReading,CPU1 Temp,CPUSensor,2022-02-07T08:19:31Z,47
dell_poweredge_TemperatureReading,CPU1 Temp,CPUSensor,2022-02-07T08:19:36Z,47
dell_poweredge_TemperatureReading,CPU1 Temp,CPUSensor,2022-02-07T08:19:41Z,47
dell_poweredge_TemperatureReading,CPU1 Temp,CPUSensor,2022-02-07T08:19:46Z,47
dell_poweredge_TemperatureReading,CPU1 Temp,CPUSensor,2022-02-07T08:19:50Z,47
dell_poweredge_TemperatureReading,CPU1 Temp,CPUSensor,2022-02-07T08:19:55Z,47
dell_poweredge_TemperatureReading,CPU1 Temp,CPUSensor,2022-02-07T08:20:00Z,47
dell_poweredge_TemperatureReading,CPU1 Temp,CPUSensor,2022-02-07T08:20:05Z,47
dell_poweredge_TemperatureReading,CPU1 Temp,CPUSensor,2022-02-07T08:20:10Z,47
dell_poweredge_TemperatureReading,CPU1 Temp,CPUSensor,2022-02-07T08:20:14Z,48
dell_poweredge_TemperatureReading,CPU1 Temp,CPUSensor,2022-02-07T08:20:19Z,48
dell_poweredge_TemperatureReading,CPU1 Temp,CPUSensor,2022-02-07T08:20:24Z,48
dell_poweredge_TemperatureReading,CPU1 Temp,CPUSensor,2022-02-07T08:20:29Z,48
dell_poweredge_TemperatureReading,CPU1 Temp,CPUSensor,2022-02-07T08:20:34Z,48
dell_poweredge_TemperatureReading,CPU1 Temp,CPUSensor,2022-02-07T08:20:38Z,48
dell_poweredge_TemperatureReading,CPU1 Temp,CPUSensor,2022-02-07T08:20:43Z,48
dell_poweredge_TemperatureReading,CPU1 Temp,CPUSensor,2022-02-07T08:20:53Z,48
dell_poweredge_TemperatureReading,CPU1 Temp,CPUSensor,2022-02-07T08:20:58Z,48
dell_poweredge_TemperatureReading,CPU1 Temp,CPUSensor,2022-02-07T08:21:02Z,48
dell_poweredge_TemperatureReading,CPU1 Temp,CPUSensor,2022-02-07T08:21:07Z,48
dell_poweredge_TemperatureReading,CPU1 Temp,CPUSensor,2022-02-07T08:21:12Z,48
dell_poweredge_TemperatureReading,CPU1 Temp,CPUSensor,2022-02-07T08:21:17Z,48
dell_poweredge_TemperatureReading,CPU1 Temp,CPUSensor,2022-02-07T08:21:22Z,48
dell_poweredge_TemperatureReading,CPU1 Temp,CPUSensor,2022-02-07T08:21:27Z,48
dell_poweredge_TemperatureReading,CPU1 Temp,CPUSensor,2022-02-07T08:21:32Z,48
dell_poweredge_TemperatureReading,CPU1 Temp,CPUSensor,2022-02-07T08:21:37Z,48
dell_poweredge_TemperatureReading,CPU1 Temp,CPUSensor,2022-02-07T08:21:42Z,48
dell_poweredge_TemperatureReading,CPU1 Temp,CPUSensor,2022-02-07T08:21:47Z,48
dell_poweredge_TemperatureReading,CPU1 Temp,CPUSensor,2022-02-07T08:21:50Z,48
dell_poweredge_TemperatureReading,CPU1 Temp,CPUSensor,2022-02-07T08:21:55Z,48
dell_poweredge_TemperatureReading,CPU1 Temp,CPUSensor,2022-02-07T08:22:00Z,48
dell_poweredge_TemperatureReading,CPU1 Temp,CPUSensor,2022-02-07T08:22:05Z,48
dell_poweredge_TemperatureReading,CPU1 Temp,CPUSensor,2022-02-07T08:22:10Z,48
dell_poweredge_TemperatureReading,CPU1 Temp,CPUSensor,2022-02-07T08:22:14Z,48
dell_poweredge_TemperatureReading,CPU1 Temp,CPUSensor,2022-02-07T08:22:19Z,48
dell_poweredge_TemperatureReading,CPU1 Temp,CPUSensor,2022-02-07T08:22:24Z,48
dell_poweredge_TemperatureReading,CPU1 Temp,CPUSensor,2022-02-07T08:22:29Z,48
dell_poweredge_TemperatureReading,CPU1 Temp,CPUSensor,2022-02-07T08:22:34Z,48
dell_poweredge_TemperatureReading,CPU1 Temp,CPUSensor,2022-02-07T08:22:38Z,47
dell_poweredge_TemperatureReading,CPU1 Temp,CPUSensor,2022-02-07T08:22:43Z,47
dell_poweredge_TemperatureReading,CPU1 Temp,CPUSensor,2022-02-07T08:22:48Z,47
dell_poweredge_TemperatureReading,CPU1 Temp,CPUSensor,2022-02-07T08:22:53Z,47
dell_poweredge_TemperatureReading,CPU1 Temp,CPUSensor,2022-02-07T08:22:58Z,47
dell_poweredge_TemperatureReading,CPU1 Temp,CPUSensor,2022-02-07T08:23:02Z,47
dell_poweredge_TemperatureReading,CPU1 Temp,CPUSensor,2022-02-07T08:23:07Z,47
dell_poweredge_TemperatureReading,CPU1 Temp,CPUSensor,2022-02-07T08:23:12Z,47
dell_poweredge_TemperatureReading,CPU1 Temp,CPUSensor,2022-02-07T08:23:17Z,47
dell_poweredge_TemperatureReading,CPU1 Temp,CPUSensor,2022-02-07T08:23:22Z,47
dell_poweredge_TemperatureReading,CPU1 Temp,CPUSensor,2022-02-07T08:23:26Z,48
dell_poweredge_TemperatureReading,CPU1 Temp,CPUSensor,2022-02-07T08:23:31Z,48
dell_poweredge_TemperatureReading,CPU1 Temp,CPUSensor,2022-02-07T08:23:36Z,48
dell_poweredge_TemperatureReading,CPU1 Temp,CPUSensor,2022-02-07T08:23:41Z,48
dell_poweredge_TemperatureReading,CPU1 Temp,CPUSensor,2022-02-07T08:23:46Z,48
dell_poweredge_TemperatureReading,CPU1 Temp,CPUSensor,2022-02-07T08:23:50Z,48
dell_poweredge_TemperatureReading,CPU1 Temp,CPUSensor,2022-02-07T08:23:55Z,48
dell_poweredge_TemperatureReading,CPU1 Temp,CPUSensor,2022-02-07T08:24:00Z,48
dell_poweredge_TemperatureReading,CPU1 Temp,CPUSensor,2022-02-07T08:24:05Z,48
dell_poweredge_TemperatureReading,CPU1 Temp,CPUSensor,2022-02-07T08:24:10Z,48
dell_poweredge_TemperatureReading,CPU1 Temp,CPUSensor,2022-02-07T08:24:14Z,47
dell_poweredge_TemperatureReading,CPU1 Temp,CPUSensor,2022-02-07T08:24:19Z,47
dell_poweredge_TemperatureReading,CPU1 Temp,CPUSensor,2022-02-07T08:24:24Z,47
dell_poweredge_TemperatureReading,CPU1 Temp,CPUSensor,2022-02-07T08:24:29Z,47
dell_poweredge_TemperatureReading,CPU1 Temp,CPUSensor,2022-02-07T08:24:34Z,47
dell_poweredge_TemperatureReading,CPU1 Temp,CPUSensor,2022-02-07T08:24:39Z,47
dell_poweredge_TemperatureReading,CPU1 Temp,CPUSensor,2022-02-07T08:24:44Z,47
dell_poweredge_TemperatureReading,CPU1 Temp,CPUSensor,2022-02-07T08:24:49Z,47
dell_poweredge_TemperatureReading,CPU1 Temp,CPUSensor,2022-02-07T08:24:54Z,47
dell_poweredge_TemperatureReading,CPU1 Temp,CPUSensor,2022-02-07T08:24:59Z,47
dell_poweredge_TemperatureReading,CPU1 Temp,CPUSensor,2022-02-07T08:25:02Z,48
dell_poweredge_TemperatureReading,CPU1 Temp,CPUSensor,2022-02-07T08:25:07Z,48
dell_poweredge_TemperatureReading,CPU1 Temp,CPUSensor,2022-02-07T08:25:12Z,48
dell_poweredge_TemperatureReading,CPU1 Temp,CPUSensor,2022-02-07T08:25:17Z,48
dell_poweredge_TemperatureReading,CPU1 Temp,CPUSensor,2022-02-07T08:25:22Z,48
dell_poweredge_TemperatureReading,CPU1 Temp,CPUSensor,2022-02-07T08:25:26Z,47
dell_poweredge_TemperatureReading,CPU1 Temp,CPUSensor,2022-02-07T08:25:31Z,47
dell_poweredge_TemperatureReading,CPU1 Temp,CPUSensor,2022-02-07T08:25:36Z,47
dell_poweredge_TemperatureReading,CPU1 Temp,CPUSensor,2022-02-07T08:25:41Z,47
dell_poweredge_TemperatureReading,CPU1 Temp,CPUSensor,2022-02-07T08:25:46Z,47
dell_poweredge_TemperatureReading,CPU1 Temp,CPUSensor,2022-02-07T08:25:50Z,47
dell_poweredge_TemperatureReading,CPU1 Temp,CPUSensor,2022-02-07T08:25:55Z,47
dell_poweredge_TemperatureReading,CPU1 Temp,CPUSensor,2022-02-07T08:26:00Z,47
dell_poweredge_TemperatureReading,CPU1 Temp,CPUSensor,2022-02-07T08:26:05Z,47
dell_poweredge_TemperatureReading,CPU1 Temp,CPUSensor,2022-02-07T08:26:10Z,47
dell_poweredge_TemperatureReading,CPU1 Temp,CPUSensor,2022-02-07T08:26:14Z,47
dell_poweredge_TemperatureReading,CPU1 Temp,CPUSensor,2022-02-07T08:26:19Z,47
dell_poweredge_TemperatureReading,CPU1 Temp,CPUSensor,2022-02-07T08:26:24Z,47
dell_poweredge_TemperatureReading,CPU1 Temp,CPUSensor,2022-02-07T08:26:29Z,47
dell_poweredge_TemperatureReading,CPU1 Temp,CPUSensor,2022-02-07T08:26:34Z,47
dell_poweredge_TemperatureReading,CPU1 Temp,CPUSensor,2022-02-07T08:26:38Z,48
dell_poweredge_TemperatureReading,CPU1 Temp,CPUSensor,2022-02-07T08:26:43Z,48
dell_poweredge_TemperatureReading,CPU1 Temp,CPUSensor,2022-02-07T08:26:48Z,48
dell_poweredge_TemperatureReading,CPU1 Temp,CPUSensor,2022-02-07T08:26:53Z,48
dell_poweredge_TemperatureReading,CPU1 Temp,CPUSensor,2022-02-07T08:26:58Z,48
dell_poweredge_TemperatureReading,CPU1 Temp,CPUSensor,2022-02-07T08:27:02Z,47
dell_poweredge_TemperatureReading,CPU1 Temp,CPUSensor,2022-02-07T08:27:07Z,47
dell_poweredge_TemperatureReading,CPU1 Temp,CPUSensor,2022-02-07T08:27:12Z,47
dell_poweredge_TemperatureReading,CPU1 Temp,CPUSensor,2022-02-07T08:27:17Z,47
dell_poweredge_TemperatureReading,CPU1 Temp,CPUSensor,2022-02-07T08:27:22Z,47
dell_poweredge_TemperatureReading,CPU1 Temp,CPUSensor,2022-02-07T08:27:26Z,47
dell_poweredge_TemperatureReading,CPU1 Temp,CPUSensor,2022-02-07T08:27:31Z,47
dell_poweredge_TemperatureReading,CPU1 Temp,CPUSensor,2022-02-07T08:27:36Z,47
dell_poweredge_TemperatureReading,CPU1 Temp,CPUSensor,2022-02-07T08:27:41Z,47
dell_poweredge_TemperatureReading,CPU1 Temp,CPUSensor,2022-02-07T08:27:46Z,47
dell_poweredge_TemperatureReading,CPU1 Temp,CPUSensor,2022-02-07T08:27:51Z,47
dell_poweredge_TemperatureReading,CPU1 Temp,CPUSensor,2022-02-07T08:27:56Z,47
dell_poweredge_TemperatureReading,CPU1 Temp,CPUSensor,2022-02-07T08:28:01Z,47
dell_poweredge_TemperatureReading,CPU1 Temp,CPUSensor,2022-02-07T08:28:06Z,47
dell_poweredge_TemperatureReading,CPU1 Temp,CPUSensor,2022-02-07T08:28:11Z,47
dell_poweredge_TemperatureReading,CPU1 Temp,CPUSensor,2022-02-07T08:28:14Z,48
dell_poweredge_TemperatureReading,CPU1 Temp,CPUSensor,2022-02-07T08:28:19Z,48
dell_poweredge_TemperatureReading,CPU1 Temp,CPUSensor,2022-02-07T08:28:24Z,48
dell_poweredge_TemperatureReading,CPU1 Temp,CPUSensor,2022-02-07T08:28:29Z,48
dell_poweredge_TemperatureReading,CPU1 Temp,CPUSensor,2022-02-07T08:28:34Z,48
dell_poweredge_TemperatureReading,CPU1 Temp,CPUSensor,2022-02-07T08:28:38Z,47
dell_poweredge_TemperatureReading,CPU1 Temp,CPUSensor,2022-02-07T08:28:43Z,47
dell_poweredge_TemperatureReading,CPU1 Temp,CPUSensor,2022-02-07T08:28:48Z,47
dell_poweredge_TemperatureReading,CPU1 Temp,CPUSensor,2022-02-07T08:28:53Z,47
dell_poweredge_TemperatureReading,CPU1 Temp,CPUSensor,2022-02-07T08:28:58Z,47
dell_poweredge_TemperatureReading,CPU1 Temp,CPUSensor,2022-02-07T08:29:02Z,47
dell_poweredge_TemperatureReading,CPU1 Temp,CPUSensor,2022-02-07T08:29:07Z,47
dell_poweredge_TemperatureReading,CPU1 Temp,CPUSensor,2022-02-07T08:29:12Z,47
dell_poweredge_TemperatureReading,CPU1 Temp,CPUSensor,2022-02-07T08:29:17Z,47
dell_poweredge_TemperatureReading,CPU1 Temp,CPUSensor,2022-02-07T08:29:22Z,47
dell_poweredge_TemperatureReading,CPU1 Temp,CPUSensor,2022-02-07T08:29:25Z,47
dell_poweredge_TemperatureReading,CPU1 Temp,CPUSensor,2022-02-07T08:29:30Z,47
dell_poweredge_TemperatureReading,CPU1 Temp,CPUSensor,2022-02-07T08:29:35Z,47
dell_poweredge_TemperatureReading,CPU1 Temp,CPUSensor,2022-02-07T08:29:40Z,47
dell_poweredge_TemperatureReading,CPU1 Temp,CPUSensor,2022-02-07T08:29:45Z,47
dell_poweredge_TemperatureReading,CPU1 Temp,CPUSensor,2022-02-07T08:29:49Z,48
dell_poweredge_TemperatureReading,CPU1 Temp,CPUSensor,2022-02-07T08:29:54Z,48
dell_poweredge_TemperatureReading,CPU1 Temp,CPUSensor,2022-02-07T08:29:59Z,48
dell_poweredge_TemperatureReading,CPU1 Temp,CPUSensor,2022-02-07T08:30:04Z,48
dell_poweredge_TemperatureReading,CPU1 Temp,CPUSensor,2022-02-07T08:30:09Z,48
dell_poweredge_TemperatureReading,CPU1 Temp,CPUSensor,2022-02-07T08:30:14Z,48
dell_poweredge_TemperatureReading,CPU1 Temp,CPUSensor,2022-02-07T08:30:19Z,48
dell_poweredge_TemperatureReading,CPU1 Temp,CPUSensor,2022-02-07T08:30:24Z,48
dell_poweredge_TemperatureReading,CPU1 Temp,CPUSensor,2022-02-07T08:30:29Z,48
dell_poweredge_TemperatureReading,CPU1 Temp,CPUSensor,2022-02-07T08:30:34Z,48
dell_poweredge_TemperatureReading,CPU1 Temp,CPUSensor,2022-02-07T08:30:38Z,47
dell_poweredge_TemperatureReading,CPU1 Temp,CPUSensor,2022-02-07T08:30:43Z,47
dell_poweredge_TemperatureReading,CPU1 Temp,CPUSensor,2022-02-07T08:30:48Z,47
dell_poweredge_TemperatureReading,CPU1 Temp,CPUSensor,2022-02-07T08:30:53Z,47
dell_poweredge_TemperatureReading,CPU1 Temp,CPUSensor,2022-02-07T08:30:58Z,47
dell_poweredge_TemperatureReading,CPU1 Temp,CPUSensor,2022-02-07T08:31:02Z,47
dell_poweredge_TemperatureReading,CPU1 Temp,CPUSensor,2022-02-07T08:31:07Z,47
dell_poweredge_TemperatureReading,CPU1 Temp,CPUSensor,2022-02-07T08:31:12Z,47
dell_poweredge_TemperatureReading,CPU1 Temp,CPUSensor,2022-02-07T08:31:17Z,47
dell_poweredge_TemperatureReading,CPU1 Temp,CPUSensor,2022-02-07T08:31:22Z,47
dell_poweredge_TemperatureReading,CPU1 Temp,CPUSensor,2022-02-07T08:31:26Z,48
dell_poweredge_TemperatureReading,CPU1 Temp,CPUSensor,2022-02-07T08:31:31Z,48
dell_poweredge_TemperatureReading,CPU1 Temp,CPUSensor,2022-02-07T08:31:36Z,48
dell_poweredge_TemperatureReading,CPU1 Temp,CPUSensor,2022-02-07T08:31:41Z,48
dell_poweredge_TemperatureReading,CPU1 Temp,CPUSensor,2022-02-07T08:31:46Z,48
dell_poweredge_TemperatureReading,CPU1 Temp,CPUSensor,2022-02-07T08:31:50Z,47
dell_poweredge_TemperatureReading,CPU1 Temp,CPUSensor,2022-02-07T08:31:55Z,47
dell_poweredge_TemperatureReading,CPU1 Temp,CPUSensor,2022-02-07T08:32:00Z,47
dell_poweredge_TemperatureReading,CPU1 Temp,CPUSensor,2022-02-07T08:32:05Z,47
dell_poweredge_TemperatureReading,CPU1 Temp,CPUSensor,2022-02-07T08:32:10Z,47
dell_poweredge_TemperatureReading,CPU1 Temp,CPUSensor,2022-02-07T08:32:14Z,47
dell_poweredge_TemperatureReading,CPU1 Temp,CPUSensor,2022-02-07T08:32:19Z,47
dell_poweredge_TemperatureReading,CPU1 Temp,CPUSensor,2022-02-07T08:32:24Z,47
dell_poweredge_TemperatureReading,CPU1 Temp,CPUSensor,2022-02-07T08:32:29Z,47
dell_poweredge_TemperatureReading,CPU1 Temp,CPUSensor,2022-02-07T08:32:34Z,47
dell_poweredge_TemperatureReading,CPU1 Temp,CPUSensor,2022-02-07T08:32:38Z,48
dell_poweredge_TemperatureReading,CPU1 Temp,CPUSensor,2022-02-07T08:32:43Z,48
dell_poweredge_TemperatureReading,CPU1 Temp,CPUSensor,2022-02-07T08:32:48Z,48
dell_poweredge_TemperatureReading,CPU1 Temp,CPUSensor,2022-02-07T08:32:53Z,48
dell_poweredge_TemperatureReading,CPU1 Temp,CPUSensor,2022-02-07T08:32:58Z,48
dell_poweredge_TemperatureReading,CPU1 Temp,CPUSensor,2022-02-07T08:33:02Z,48
dell_poweredge_TemperatureReading,CPU1 Temp,CPUSensor,2022-02-07T08:33:07Z,48
dell_poweredge_TemperatureReading,CPU1 Temp,CPUSensor,2022-02-07T08:33:12Z,48
dell_poweredge_TemperatureReading,CPU1 Temp,CPUSensor,2022-02-07T08:33:17Z,48
dell_poweredge_TemperatureReading,CPU1 Temp,CPUSensor,2022-02-07T08:33:22Z,48
dell_poweredge_TemperatureReading,CPU1 Temp,CPUSensor,2022-02-07T08:33:26Z,47
dell_poweredge_TemperatureReading,CPU1 Temp,CPUSensor,2022-02-07T08:33:31Z,47
dell_poweredge_TemperatureReading,CPU1 Temp,CPUSensor,2022-02-07T08:33:36Z,47
dell_poweredge_TemperatureReading,CPU1 Temp,CPUSensor,2022-02-07T08:33:41Z,47
dell_poweredge_TemperatureReading,CPU1 Temp,CPUSensor,2022-02-07T08:33:46Z,47
dell_poweredge_TemperatureReading,CPU1 Temp,CPUSensor,2022-02-07T08:33:50Z,47
dell_poweredge_TemperatureReading,CPU1 Temp,CPUSensor,2022-02-07T08:33:55Z,47
dell_poweredge_TemperatureReading,CPU1 Temp,CPUSensor,2022-02-07T08:34:00Z,47
dell_poweredge_TemperatureReading,CPU1 Temp,CPUSensor,2022-02-07T08:34:05Z,47
dell_poweredge_TemperatureReading,CPU1 Temp,CPUSensor,2022-02-07T08:34:10Z,47
dell_poweredge_TemperatureReading,CPU1 Temp,CPUSensor,2022-02-07T08:34:14Z,48
dell_poweredge_TemperatureReading,CPU1 Temp,CPUSensor,2022-02-07T08:34:19Z,48
dell_poweredge_TemperatureReading,CPU1 Temp,CPUSensor,2022-02-07T08:34:24Z,48
dell_poweredge_TemperatureReading,CPU1 Temp,CPUSensor,2022-02-07T08:34:29Z,48
dell_poweredge_TemperatureReading,CPU1 Temp,CPUSensor,2022-02-07T08:34:34Z,48
dell_poweredge_TemperatureReading,CPU1 Temp,CPUSensor,2022-02-07T08:34:38Z,47
dell_poweredge_TemperatureReading,CPU1 Temp,CPUSensor,2022-02-07T08:34:43Z,47
dell_poweredge_TemperatureReading,CPU1 Temp,CPUSensor,2022-02-07T08:34:48Z,47
dell_poweredge_TemperatureReading,CPU1 Temp,CPUSensor,2022-02-07T08:34:53Z,47
dell_poweredge_TemperatureReading,CPU1 Temp,CPUSensor,2022-02-07T08:34:58Z,47
dell_poweredge_TemperatureReading,CPU1 Temp,CPUSensor,2022-02-07T08:35:02Z,47
dell_poweredge_TemperatureReading,CPU1 Temp,CPUSensor,2022-02-07T08:35:07Z,47
dell_poweredge_TemperatureReading,CPU1 Temp,CPUSensor,2022-02-07T08:35:12Z,47
dell_poweredge_TemperatureReading,CPU1 Temp,CPUSensor,2022-02-07T08:35:17Z,47
dell_poweredge_TemperatureReading,CPU1 Temp,CPUSensor,2022-02-07T08:35:22Z,47
dell_poweredge_TemperatureReading,CPU1 Temp,CPUSensor,2022-02-07T08:35:26Z,47
dell_poweredge_TemperatureReading,CPU1 Temp,CPUSensor,2022-02-07T08:35:31Z,47
dell_poweredge_TemperatureReading,CPU1 Temp,CPUSensor,2022-02-07T08:35:36Z,47
dell_poweredge_TemperatureReading,CPU1 Temp,CPUSensor,2022-02-07T08:35:41Z,47
dell_poweredge_TemperatureReading,CPU1 Temp,CPUSensor,2022-02-07T08:35:46Z,47
dell_poweredge_TemperatureReading,CPU1 Temp,CPUSensor,2022-02-07T08:35:50Z,48
dell_poweredge_TemperatureReading,CPU1 Temp,CPUSensor,2022-02-07T08:35:55Z,48
dell_poweredge_TemperatureReading,CPU1 Temp,CPUSensor,2022-02-07T08:36:00Z,48
dell_poweredge_TemperatureReading,CPU1 Temp,CPUSensor,2022-02-07T08:36:05Z,48
dell_poweredge_TemperatureReading,CPU1 Temp,CPUSensor,2022-02-07T08:36:10Z,48
dell_poweredge_TemperatureReading,CPU1 Temp,CPUSensor,2022-02-07T08:36:13Z,48
dell_poweredge_TemperatureReading,CPU1 Temp,CPUSensor,2022-02-07T08:36:18Z,48
dell_poweredge_TemperatureReading,CPU1 Temp,CPUSensor,2022-02-07T08:36:23Z,48
dell_poweredge_TemperatureReading,CPU1 Temp,CPUSensor,2022-02-07T08:36:28Z,48
dell_poweredge_TemperatureReading,CPU1 Temp,CPUSensor,2022-02-07T08:36:33Z,48
dell_poweredge_TemperatureReading,CPU1 Temp,CPUSensor,2022-02-07T08:36:38Z,48
dell_poweredge_TemperatureReading,CPU1 Temp,CPUSensor,2022-02-07T08:36:43Z,48
dell_poweredge_TemperatureReading,CPU1 Temp,CPUSensor,2022-02-07T08:36:48Z,48
dell_poweredge_TemperatureReading,CPU1 Temp,CPUSensor,2022-02-07T08:36:53Z,48
dell_poweredge_TemperatureReading,CPU1 Temp,CPUSensor,2022-02-07T08:36:58Z,48
dell_poweredge_TemperatureReading,CPU1 Temp,CPUSensor,2022-02-07T08:37:01Z,47
dell_poweredge_TemperatureReading,CPU1 Temp,CPUSensor,2022-02-07T08:37:06Z,47
dell_poweredge_TemperatureReading,CPU1 Temp,CPUSensor,2022-02-07T08:37:11Z,47
dell_poweredge_TemperatureReading,CPU1 Temp,CPUSensor,2022-02-07T08:37:16Z,47
dell_poweredge_TemperatureReading,CPU1 Temp,CPUSensor,2022-02-07T08:37:21Z,47
dell_poweredge_TemperatureReading,CPU1 Temp,CPUSensor,2022-02-07T08:37:25Z,48
dell_poweredge_TemperatureReading,CPU1 Temp,CPUSensor,2022-02-07T08:37:30Z,48
dell_poweredge_TemperatureReading,CPU1 Temp,CPUSensor,2022-02-07T08:37:35Z,48
dell_poweredge_TemperatureReading,CPU1 Temp,CPUSensor,2022-02-07T08:37:40Z,48
dell_poweredge_TemperatureReading,CPU1 Temp,CPUSensor,2022-02-07T08:37:45Z,48
dell_poweredge_TemperatureReading,CPU1 Temp,CPUSensor,2022-02-07T08:37:49Z,47
dell_poweredge_TemperatureReading,CPU1 Temp,CPUSensor,2022-02-07T08:37:54Z,47
dell_poweredge_TemperatureReading,CPU1 Temp,CPUSensor,2022-02-07T08:37:59Z,47
dell_poweredge_TemperatureReading,CPU1 Temp,CPUSensor,2022-02-07T08:38:04Z,47
dell_poweredge_TemperatureReading,CPU1 Temp,CPUSensor,2022-02-07T08:38:09Z,47
dell_poweredge_TemperatureReading,CPU1 Temp,CPUSensor,2022-02-07T08:38:14Z,47
dell_poweredge_TemperatureReading,CPU1 Temp,CPUSensor,2022-02-07T08:38:19Z,47
dell_poweredge_TemperatureReading,CPU1 Temp,CPUSensor,2022-02-07T08:38:24Z,47
dell_poweredge_TemperatureReading,CPU1 Temp,CPUSensor,2022-02-07T08:38:29Z,47
dell_poweredge_TemperatureReading,CPU1 Temp,CPUSensor,2022-02-07T08:38:34Z,47
dell_poweredge_TemperatureReading,CPU1 Temp,CPUSensor,2022-02-07T08:38:37Z,47
dell_poweredge_TemperatureReading,CPU1 Temp,CPUSensor,2022-02-07T08:38:42Z,47
dell_poweredge_TemperatureReading,CPU1 Temp,CPUSensor,2022-02-07T08:38:52Z,47
dell_poweredge_TemperatureReading,CPU1 Temp,CPUSensor,2022-02-07T08:38:57Z,47
dell_poweredge_TemperatureReading,CPU1 Temp,CPUSensor,2022-02-07T08:39:01Z,48
dell_poweredge_TemperatureReading,CPU1 Temp,CPUSensor,2022-02-07T08:39:06Z,48
dell_poweredge_TemperatureReading,CPU1 Temp,CPUSensor,2022-02-07T08:39:11Z,48
dell_poweredge_TemperatureReading,CPU1 Temp,CPUSensor,2022-02-07T08:39:16Z,48
dell_poweredge_TemperatureReading,CPU1 Temp,CPUSensor,2022-02-07T08:39:21Z,48
dell_poweredge_TemperatureReading,CPU1 Temp,CPUSensor,2022-02-07T08:39:25Z,47
dell_poweredge_TemperatureReading,CPU1 Temp,CPUSensor,2022-02-07T08:39:30Z,47
dell_poweredge_TemperatureReading,CPU1 Temp,CPUSensor,2022-02-07T08:39:35Z,47
dell_poweredge_TemperatureReading,CPU1 Temp,CPUSensor,2022-02-07T08:39:40Z,47
dell_poweredge_TemperatureReading,CPU1 Temp,CPUSensor,2022-02-07T08:39:45Z,47
dell_poweredge_TemperatureReading,CPU1 Temp,CPUSensor,2022-02-07T08:39:48Z,47
dell_poweredge_TemperatureReading,CPU1 Temp,CPUSensor,2022-02-07T08:39:53Z,47
dell_poweredge_TemperatureReading,CPU1 Temp,CPUSensor,2022-02-07T08:39:58Z,47
dell_poweredge_TemperatureReading,CPU1 Temp,CPUSensor,2022-02-07T08:40:03Z,47
dell_poweredge_TemperatureReading,CPU1 Temp,CPUSensor,2022-02-07T08:40:08Z,47
dell_poweredge_TemperatureReading,CPU1 Temp,CPUSensor,2022-02-07T08:40:13Z,48
dell_poweredge_TemperatureReading,CPU1 Temp,CPUSensor,2022-02-07T08:40:18Z,48
dell_poweredge_TemperatureReading,CPU1 Temp,CPUSensor,2022-02-07T08:40:23Z,48
dell_poweredge_TemperatureReading,CPU1 Temp,CPUSensor,2022-02-07T08:40:28Z,48
dell_poweredge_TemperatureReading,CPU1 Temp,CPUSensor,2022-02-07T08:40:33Z,48
dell_poweredge_TemperatureReading,CPU1 Temp,CPUSensor,2022-02-07T08:40:38Z,48
dell_poweredge_TemperatureReading,CPU1 Temp,CPUSensor,2022-02-07T08:40:43Z,48
dell_poweredge_TemperatureReading,CPU1 Temp,CPUSensor,2022-02-07T08:40:48Z,48
dell_poweredge_TemperatureReading,CPU1 Temp,CPUSensor,2022-02-07T08:40:53Z,48
dell_poweredge_TemperatureReading,CPU1 Temp,CPUSensor,2022-02-07T08:40:58Z,48
dell_poweredge_TemperatureReading,CPU1 Temp,CPUSensor,2022-02-07T08:41:03Z,48
dell_poweredge_TemperatureReading,CPU1 Temp,CPUSensor,2022-02-07T08:41:08Z,48
dell_poweredge_TemperatureReading,CPU1 Temp,CPUSensor,2022-02-07T08:41:13Z,48
dell_poweredge_TemperatureReading,CPU1 Temp,CPUSensor,2022-02-07T08:41:18Z,48
dell_poweredge_TemperatureReading,CPU1 Temp,CPUSensor,2022-02-07T08:41:24Z,47
dell_poweredge_TemperatureReading,CPU1 Temp,CPUSensor,2022-02-07T08:41:29Z,47
dell_poweredge_TemperatureReading,CPU1 Temp,CPUSensor,2022-02-07T08:41:34Z,47
dell_poweredge_TemperatureReading,CPU1 Temp,CPUSensor,2022-02-07T08:41:39Z,47
dell_poweredge_TemperatureReading,CPU1 Temp,CPUSensor,2022-02-07T08:41:44Z,47
dell_poweredge_TemperatureReading,CPU1 Temp,CPUSensor,2022-02-07T08:41:48Z,48
dell_poweredge_TemperatureReading,CPU1 Temp,CPUSensor,2022-02-07T08:41:53Z,48
dell_poweredge_TemperatureReading,CPU1 Temp,CPUSensor,2022-02-07T08:41:58Z,48
dell_poweredge_TemperatureReading,CPU1 Temp,CPUSensor,2022-02-07T08:42:03Z,48
dell_poweredge_TemperatureReading,CPU1 Temp,CPUSensor,2022-02-07T08:42:08Z,48
dell_poweredge_TemperatureReading,CPU1 Temp,CPUSensor,2022-02-07T08:42:12Z,45
dell_poweredge_TemperatureReading,CPU1 Temp,CPUSensor,2022-02-07T08:42:17Z,45
dell_poweredge_TemperatureReading,CPU1 Temp,CPUSensor,2022-02-07T08:42:22Z,45
dell_poweredge_TemperatureReading,CPU1 Temp,CPUSensor,2022-02-07T08:42:27Z,45
dell_poweredge_TemperatureReading,CPU1 Temp,CPUSensor,2022-02-07T08:42:32Z,45
dell_poweredge_TemperatureReading,CPU1 Temp,CPUSensor,2022-02-07T08:42:36Z,47
dell_poweredge_TemperatureReading,CPU1 Temp,CPUSensor,2022-02-07T08:42:41Z,47
dell_poweredge_TemperatureReading,CPU1 Temp,CPUSensor,2022-02-07T08:42:46Z,47
dell_poweredge_TemperatureReading,CPU1 Temp,CPUSensor,2022-02-07T08:42:51Z,47
dell_poweredge_TemperatureReading,CPU1 Temp,CPUSensor,2022-02-07T08:42:56Z,47
dell_poweredge_TemperatureReading,CPU1 Temp,CPUSensor,2022-02-07T08:43:00Z,47
dell_poweredge_TemperatureReading,CPU1 Temp,CPUSensor,2022-02-07T08:43:05Z,47
dell_poweredge_TemperatureReading,CPU1 Temp,CPUSensor,2022-02-07T08:43:10Z,47
dell_poweredge_TemperatureReading,CPU1 Temp,CPUSensor,2022-02-07T08:43:15Z,47
dell_poweredge_TemperatureReading,CPU1 Temp,CPUSensor,2022-02-07T08:43:20Z,47
dell_poweredge_TemperatureReading,CPU1 Temp,CPUSensor,2022-02-07T08:43:24Z,48
dell_poweredge_TemperatureReading,CPU1 Temp,CPUSensor,2022-02-07T08:43:29Z,48
dell_poweredge_TemperatureReading,CPU1 Temp,CPUSensor,2022-02-07T08:43:34Z,48
dell_poweredge_TemperatureReading,CPU1 Temp,CPUSensor,2022-02-07T08:43:39Z,48
dell_poweredge_TemperatureReading,CPU1 Temp,CPUSensor,2022-02-07T08:43:44Z,48
dell_poweredge_TemperatureReading,CPU1 Temp,CPUSensor,2022-02-07T08:43:48Z,47
dell_poweredge_TemperatureReading,CPU1 Temp,CPUSensor,2022-02-07T08:43:53Z,47
dell_poweredge_TemperatureReading,CPU1 Temp,CPUSensor,2022-02-07T08:43:58Z,47
dell_poweredge_TemperatureReading,CPU1 Temp,CPUSensor,2022-02-07T08:44:03Z,47
dell_poweredge_TemperatureReading,CPU1 Temp,CPUSensor,2022-02-07T08:44:08Z,47
dell_poweredge_TemperatureReading,CPU1 Temp,CPUSensor,2022-02-07T08:44:12Z,47
dell_poweredge_TemperatureReading,CPU1 Temp,CPUSensor,2022-02-07T08:44:17Z,47
dell_poweredge_TemperatureReading,CPU1 Temp,CPUSensor,2022-02-07T08:44:22Z,47
dell_poweredge_TemperatureReading,CPU1 Temp,CPUSensor,2022-02-07T08:44:27Z,47
dell_poweredge_TemperatureReading,CPU1 Temp,CPUSensor,2022-02-07T08:44:32Z,47
dell_poweredge_TemperatureReading,CPU1 Temp,CPUSensor,2022-02-07T08:44:35Z,47
dell_poweredge_TemperatureReading,CPU1 Temp,CPUSensor,2022-02-07T08:44:40Z,47
dell_poweredge_TemperatureReading,CPU1 Temp,CPUSensor,2022-02-07T08:44:45Z,47
dell_poweredge_TemperatureReading,CPU1 Temp,CPUSensor,2022-02-07T08:44:50Z,47
dell_poweredge_TemperatureReading,CPU1 Temp,CPUSensor,2022-02-07T08:44:55Z,47
dell_poweredge_TemperatureReading,CPU1 Temp,CPUSensor,2022-02-07T08:45:00Z,48
dell_poweredge_TemperatureReading,CPU1 Temp,CPUSensor,2022-02-07T08:45:05Z,48
dell_poweredge_TemperatureReading,CPU1 Temp,CPUSensor,2022-02-07T08:45:10Z,48
dell_poweredge_TemperatureReading,CPU1 Temp,CPUSensor,2022-02-07T08:45:15Z,48
dell_poweredge_TemperatureReading,CPU1 Temp,CPUSensor,2022-02-07T08:45:20Z,48
dell_poweredge_TemperatureReading,CPU1 Temp,CPUSensor,2022-02-07T08:45:23Z,47
dell_poweredge_TemperatureReading,CPU1 Temp,CPUSensor,2022-02-07T08:45:28Z,47
dell_poweredge_TemperatureReading,CPU1 Temp,CPUSensor,2022-02-07T08:45:33Z,47
dell_poweredge_TemperatureReading,CPU1 Temp,CPUSensor,2022-02-07T08:45:38Z,47
dell_poweredge_TemperatureReading,CPU1 Temp,CPUSensor,2022-02-07T08:45:43Z,47
dell_poweredge_TemperatureReading,CPU1 Temp,CPUSensor,2022-02-07T08:45:47Z,47
dell_poweredge_TemperatureReading,CPU1 Temp,CPUSensor,2022-02-07T08:45:52Z,47
dell_poweredge_TemperatureReading,CPU1 Temp,CPUSensor,2022-02-07T08:45:57Z,47
dell_poweredge_TemperatureReading,CPU1 Temp,CPUSensor,2022-02-07T08:46:02Z,47
dell_poweredge_TemperatureReading,CPU1 Temp,CPUSensor,2022-02-07T08:46:07Z,47
dell_poweredge_TemperatureReading,CPU1 Temp,CPUSensor,2022-02-07T08:46:12Z,47
dell_poweredge_TemperatureReading,CPU1 Temp,CPUSensor,2022-02-07T08:46:17Z,47
dell_poweredge_TemperatureReading,CPU1 Temp,CPUSensor,2022-02-07T08:46:22Z,47
dell_poweredge_TemperatureReading,CPU1 Temp,CPUSensor,2022-02-07T08:46:27Z,47
dell_poweredge_TemperatureReading,CPU1 Temp,CPUSensor,2022-02-07T08:46:32Z,47
dell_poweredge_TemperatureReading,CPU1 Temp,CPUSensor,2022-02-07T08:46:35Z,48
dell_poweredge_TemperatureReading,CPU1 Temp,CPUSensor,2022-02-07T08:46:40Z,48
dell_poweredge_TemperatureReading,CPU1 Temp,CPUSensor,2022-02-07T08:46:45Z,48
dell_poweredge_TemperatureReading,CPU1 Temp,CPUSensor,2022-02-07T08:46:50Z,48
dell_poweredge_TemperatureReading,CPU1 Temp,CPUSensor,2022-02-07T08:46:55Z,48
dell_poweredge_TemperatureReading,CPU1 Temp,CPUSensor,2022-02-07T08:46:58Z,47
dell_poweredge_TemperatureReading,CPU1 Temp,CPUSensor,2022-02-07T08:47:03Z,47
dell_poweredge_TemperatureReading,CPU1 Temp,CPUSensor,2022-02-07T08:47:08Z,47
dell_poweredge_TemperatureReading,CPU1 Temp,CPUSensor,2022-02-07T08:47:13Z,47
dell_poweredge_TemperatureReading,CPU1 Temp,CPUSensor,2022-02-07T08:47:18Z,47
dell_poweredge_TemperatureReading,CPU1 Temp,CPUSensor,2022-02-07T08:47:22Z,47
dell_poweredge_TemperatureReading,CPU1 Temp,CPUSensor,2022-02-07T08:47:27Z,47
dell_poweredge_TemperatureReading,CPU1 Temp,CPUSensor,2022-02-07T08:47:32Z,47
dell_poweredge_TemperatureReading,CPU1 Temp,CPUSensor,2022-02-07T08:47:37Z,47
dell_poweredge_TemperatureReading,CPU1 Temp,CPUSensor,2022-02-07T08:47:42Z,47
dell_poweredge_TemperatureReading,CPU1 Temp,CPUSensor,2022-02-07T08:47:46Z,47
dell_poweredge_TemperatureReading,CPU1 Temp,CPUSensor,2022-02-07T08:47:51Z,47
dell_poweredge_TemperatureReading,CPU1 Temp,CPUSensor,2022-02-07T08:47:56Z,47
dell_poweredge_TemperatureReading,CPU1 Temp,CPUSensor,2022-02-07T08:48:01Z,47
dell_poweredge_TemperatureReading,CPU1 Temp,CPUSensor,2022-02-07T08:48:06Z,47
dell_poweredge_TemperatureReading,CPU1 Temp,CPUSensor,2022-02-07T08:48:10Z,48
dell_poweredge_TemperatureReading,CPU1 Temp,CPUSensor,2022-02-07T08:48:15Z,48
dell_poweredge_TemperatureReading,CPU1 Temp,CPUSensor,2022-02-07T08:48:20Z,48
dell_poweredge_TemperatureReading,CPU1 Temp,CPUSensor,2022-02-07T08:48:25Z,48
dell_poweredge_TemperatureReading,CPU1 Temp,CPUSensor,2022-02-07T08:48:30Z,48
dell_poweredge_TemperatureReading,CPU1 Temp,CPUSensor,2022-02-07T08:48:34Z,47
dell_poweredge_TemperatureReading,CPU1 Temp,CPUSensor,2022-02-07T08:48:39Z,47
dell_poweredge_TemperatureReading,CPU1 Temp,CPUSensor,2022-02-07T08:48:44Z,47
dell_poweredge_TemperatureReading,CPU1 Temp,CPUSensor,2022-02-07T08:48:49Z,47
dell_poweredge_TemperatureReading,CPU1 Temp,CPUSensor,2022-02-07T08:48:54Z,47
dell_poweredge_TemperatureReading,CPU1 Temp,CPUSensor,2022-02-07T08:48:58Z,47
dell_poweredge_TemperatureReading,CPU1 Temp,CPUSensor,2022-02-07T08:49:03Z,47
dell_poweredge_TemperatureReading,CPU1 Temp,CPUSensor,2022-02-07T08:49:08Z,47
dell_poweredge_TemperatureReading,CPU1 Temp,CPUSensor,2022-02-07T08:49:13Z,47
dell_poweredge_TemperatureReading,CPU1 Temp,CPUSensor,2022-02-07T08:49:18Z,47
dell_poweredge_TemperatureReading,CPU1 Temp,CPUSensor,2022-02-07T08:49:21Z,47
dell_poweredge_TemperatureReading,CPU1 Temp,CPUSensor,2022-02-07T08:49:26Z,47
dell_poweredge_TemperatureReading,CPU1 Temp,CPUSensor,2022-02-07T08:49:31Z,47
dell_poweredge_TemperatureReading,CPU1 Temp,CPUSensor,2022-02-07T08:49:36Z,47
dell_poweredge_TemperatureReading,CPU1 Temp,CPUSensor,2022-02-07T08:49:41Z,47
dell_poweredge_TemperatureReading,CPU1 Temp,CPUSensor,2022-02-07T08:49:45Z,48
dell_poweredge_TemperatureReading,CPU1 Temp,CPUSensor,2022-02-07T08:49:50Z,48
dell_poweredge_TemperatureReading,CPU1 Temp,CPUSensor,2022-02-07T08:49:55Z,48
dell_poweredge_TemperatureReading,CPU1 Temp,CPUSensor,2022-02-07T08:50:00Z,48
dell_poweredge_TemperatureReading,CPU1 Temp,CPUSensor,2022-02-07T08:50:05Z,48
dell_poweredge_TemperatureReading,CPU1 Temp,CPUSensor,2022-02-07T08:50:09Z,47
dell_poweredge_TemperatureReading,CPU1 Temp,CPUSensor,2022-02-07T08:50:14Z,47
dell_poweredge_TemperatureReading,CPU1 Temp,CPUSensor,2022-02-07T08:50:19Z,47
dell_poweredge_TemperatureReading,CPU1 Temp,CPUSensor,2022-02-07T08:50:24Z,47
dell_poweredge_TemperatureReading,CPU1 Temp,CPUSensor,2022-02-07T08:50:29Z,47
dell_poweredge_TemperatureReading,CPU1 Temp,CPUSensor,2022-02-07T08:50:33Z,47
dell_poweredge_TemperatureReading,CPU1 Temp,CPUSensor,2022-02-07T08:50:38Z,47
dell_poweredge_TemperatureReading,CPU1 Temp,CPUSensor,2022-02-07T08:50:43Z,47
dell_poweredge_TemperatureReading,CPU1 Temp,CPUSensor,2022-02-07T08:50:48Z,47
dell_poweredge_TemperatureReading,CPU1 Temp,CPUSensor,2022-02-07T08:50:53Z,47
dell_poweredge_TemperatureReading,CPU1 Temp,CPUSensor,2022-02-07T08:50:57Z,48
dell_poweredge_TemperatureReading,CPU1 Temp,CPUSensor,2022-02-07T08:51:02Z,48
dell_poweredge_TemperatureReading,CPU1 Temp,CPUSensor,2022-02-07T08:51:07Z,48
dell_poweredge_TemperatureReading,CPU1 Temp,CPUSensor,2022-02-07T08:51:12Z,48
dell_poweredge_TemperatureReading,CPU1 Temp,CPUSensor,2022-02-07T08:51:17Z,48
dell_poweredge_TemperatureReading,CPU1 Temp,CPUSensor,2022-02-07T08:51:22Z,48
dell_poweredge_TemperatureReading,CPU1 Temp,CPUSensor,2022-02-07T08:51:27Z,48
dell_poweredge_TemperatureReading,CPU1 Temp,CPUSensor,2022-02-07T08:51:32Z,48
dell_poweredge_TemperatureReading,CPU1 Temp,CPUSensor,2022-02-07T08:51:37Z,48
dell_poweredge_TemperatureReading,CPU1 Temp,CPUSensor,2022-02-07T08:51:42Z,48
dell_poweredge_TemperatureReading,CPU1 Temp,CPUSensor,2022-02-07T08:51:45Z,47
dell_poweredge_TemperatureReading,CPU1 Temp,CPUSensor,2022-02-07T08:51:50Z,47
dell_poweredge_TemperatureReading,CPU1 Temp,CPUSensor,2022-02-07T08:51:55Z,47
dell_poweredge_TemperatureReading,CPU1 Temp,CPUSensor,2022-02-07T08:52:00Z,47
dell_poweredge_TemperatureReading,CPU1 Temp,CPUSensor,2022-02-07T08:52:05Z,47
dell_poweredge_TemperatureReading,CPU1 Temp,CPUSensor,2022-02-07T08:52:09Z,47
dell_poweredge_TemperatureReading,CPU1 Temp,CPUSensor,2022-02-07T08:52:14Z,47
dell_poweredge_TemperatureReading,CPU1 Temp,CPUSensor,2022-02-07T08:52:19Z,47
dell_poweredge_TemperatureReading,CPU1 Temp,CPUSensor,2022-02-07T08:52:24Z,47
dell_poweredge_TemperatureReading,CPU1 Temp,CPUSensor,2022-02-07T08:52:29Z,47
dell_poweredge_TemperatureReading,CPU1 Temp,CPUSensor,2022-02-07T08:52:32Z,48
dell_poweredge_TemperatureReading,CPU1 Temp,CPUSensor,2022-02-07T08:52:37Z,48
dell_poweredge_TemperatureReading,CPU1 Temp,CPUSensor,2022-02-07T08:52:42Z,48
dell_poweredge_TemperatureReading,CPU1 Temp,CPUSensor,2022-02-07T08:52:47Z,48
dell_poweredge_TemperatureReading,CPU1 Temp,CPUSensor,2022-02-07T08:52:52Z,48
dell_poweredge_TemperatureReading,CPU1 Temp,CPUSensor,2022-02-07T08:52:56Z,48
dell_poweredge_TemperatureReading,CPU1 Temp,CPUSensor,2022-02-07T08:53:01Z,48
dell_poweredge_TemperatureReading,CPU1 Temp,CPUSensor,2022-02-07T08:53:06Z,48
dell_poweredge_TemperatureReading,CPU1 Temp,CPUSensor,2022-02-07T08:53:11Z,48
dell_poweredge_TemperatureReading,CPU1 Temp,CPUSensor,2022-02-07T08:53:16Z,48
dell_poweredge_TemperatureReading,CPU1 Temp,CPUSensor,2022-02-07T08:53:20Z,47
dell_poweredge_TemperatureReading,CPU1 Temp,CPUSensor,2022-02-07T08:53:25Z,47
dell_poweredge_TemperatureReading,CPU1 Temp,CPUSensor,2022-02-07T08:53:30Z,47
dell_poweredge_TemperatureReading,CPU1 Temp,CPUSensor,2022-02-07T08:53:35Z,47
dell_poweredge_TemperatureReading,CPU1 Temp,CPUSensor,2022-02-07T08:53:40Z,47
dell_poweredge_TemperatureReading,CPU1 Temp,CPUSensor,2022-02-07T08:53:44Z,47
dell_poweredge_TemperatureReading,CPU1 Temp,CPUSensor,2022-02-07T08:53:49Z,47
dell_poweredge_TemperatureReading,CPU1 Temp,CPUSensor,2022-02-07T08:53:54Z,47
dell_poweredge_TemperatureReading,CPU1 Temp,CPUSensor,2022-02-07T08:53:59Z,47
dell_poweredge_TemperatureReading,CPU1 Temp,CPUSensor,2022-02-07T08:54:04Z,47
dell_poweredge_TemperatureReading,CPU1 Temp,CPUSensor,2022-02-07T08:54:08Z,48
dell_poweredge_TemperatureReading,CPU1 Temp,CPUSensor,2022-02-07T08:54:13Z,48
dell_poweredge_TemperatureReading,CPU1 Temp,CPUSensor,2022-02-07T08:54:18Z,48
dell_poweredge_TemperatureReading,CPU1 Temp,CPUSensor,2022-02-07T08:54:23Z,48
dell_poweredge_TemperatureReading,CPU1 Temp,CPUSensor,2022-02-07T08:54:28Z,48
dell_poweredge_TemperatureReading,CPU1 Temp,CPUSensor,2022-02-07T08:54:32Z,47
dell_poweredge_TemperatureReading,CPU1 Temp,CPUSensor,2022-02-07T08:54:37Z,47
dell_poweredge_TemperatureReading,CPU1 Temp,CPUSensor,2022-02-07T08:54:42Z,47
dell_poweredge_TemperatureReading,CPU1 Temp,CPUSensor,2022-02-07T08:54:52Z,47
dell_poweredge_TemperatureReading,CPU1 Temp,CPUSensor,2022-02-07T08:54:55Z,47
dell_poweredge_TemperatureReading,CPU1 Temp,CPUSensor,2022-02-07T08:55:00Z,47
dell_poweredge_TemperatureReading,CPU1 Temp,CPUSensor,2022-02-07T08:55:05Z,47
dell_poweredge_TemperatureReading,CPU1 Temp,CPUSensor,2022-02-07T08:55:10Z,47
dell_poweredge_TemperatureReading,CPU1 Temp,CPUSensor,2022-02-07T08:55:15Z,47
dell_poweredge_TemperatureReading,CPU1 Temp,CPUSensor,2022-02-07T08:55:20Z,47
dell_poweredge_TemperatureReading,CPU1 Temp,CPUSensor,2022-02-07T08:55:25Z,47
dell_poweredge_TemperatureReading,CPU1 Temp,CPUSensor,2022-02-07T08:55:30Z,47
dell_poweredge_TemperatureReading,CPU1 Temp,CPUSensor,2022-02-07T08:55:35Z,47
dell_poweredge_TemperatureReading,CPU1 Temp,CPUSensor,2022-02-07T08:55:40Z,47
dell_poweredge_TemperatureReading,CPU1 Temp,CPUSensor,2022-02-07T08:55:44Z,48
dell_poweredge_TemperatureReading,CPU1 Temp,CPUSensor,2022-02-07T08:55:49Z,48
dell_poweredge_TemperatureReading,CPU1 Temp,CPUSensor,2022-02-07T08:55:54Z,48
dell_poweredge_TemperatureReading,CPU1 Temp,CPUSensor,2022-02-07T08:55:59Z,48
dell_poweredge_TemperatureReading,CPU1 Temp,CPUSensor,2022-02-07T08:56:04Z,48
dell_poweredge_TemperatureReading,CPU1 Temp,CPUSensor,2022-02-07T08:56:08Z,48
dell_poweredge_TemperatureReading,CPU1 Temp,CPUSensor,2022-02-07T08:56:13Z,48
dell_poweredge_TemperatureReading,CPU1 Temp,CPUSensor,2022-02-07T08:56:18Z,48
dell_poweredge_TemperatureReading,CPU1 Temp,CPUSensor,2022-02-07T08:56:23Z,48
dell_poweredge_TemperatureReading,CPU1 Temp,CPUSensor,2022-02-07T08:56:28Z,48
dell_poweredge_TemperatureReading,CPU1 Temp,CPUSensor,2022-02-07T08:56:32Z,47
dell_poweredge_TemperatureReading,CPU1 Temp,CPUSensor,2022-02-07T08:56:37Z,47
dell_poweredge_TemperatureReading,CPU1 Temp,CPUSensor,2022-02-07T08:56:42Z,47
dell_poweredge_TemperatureReading,CPU1 Temp,CPUSensor,2022-02-07T08:56:47Z,47
dell_poweredge_TemperatureReading,CPU1 Temp,CPUSensor,2022-02-07T08:56:52Z,47
dell_poweredge_TemperatureReading,CPU1 Temp,CPUSensor,2022-02-07T08:56:56Z,47
dell_poweredge_TemperatureReading,CPU1 Temp,CPUSensor,2022-02-07T08:57:01Z,47
dell_poweredge_TemperatureReading,CPU1 Temp,CPUSensor,2022-02-07T08:57:06Z,47
dell_poweredge_TemperatureReading,CPU1 Temp,CPUSensor,2022-02-07T08:57:11Z,47
dell_poweredge_TemperatureReading,CPU1 Temp,CPUSensor,2022-02-07T08:57:16Z,47
dell_poweredge_TemperatureReading,CPU1 Temp,CPUSensor,2022-02-07T08:57:20Z,48
dell_poweredge_TemperatureReading,CPU1 Temp,CPUSensor,2022-02-07T08:57:25Z,48
dell_poweredge_TemperatureReading,CPU1 Temp,CPUSensor,2022-02-07T08:57:30Z,48
dell_poweredge_TemperatureReading,CPU1 Temp,CPUSensor,2022-02-07T08:57:35Z,48
dell_poweredge_TemperatureReading,CPU1 Temp,CPUSensor,2022-02-07T08:57:40Z,48
dell_poweredge_TemperatureReading,CPU1 Temp,CPUSensor,2022-02-07T08:57:44Z,48
dell_poweredge_TemperatureReading,CPU1 Temp,CPUSensor,2022-02-07T08:57:49Z,48
dell_poweredge_TemperatureReading,CPU1 Temp,CPUSensor,2022-02-07T08:57:54Z,48
dell_poweredge_TemperatureReading,CPU1 Temp,CPUSensor,2022-02-07T08:57:59Z,48
dell_poweredge_TemperatureReading,CPU1 Temp,CPUSensor,2022-02-07T08:58:04Z,48
dell_poweredge_TemperatureReading,CPU1 Temp,CPUSensor,2022-02-07T08:58:07Z,47
dell_poweredge_TemperatureReading,CPU1 Temp,CPUSensor,2022-02-07T08:58:12Z,47
dell_poweredge_TemperatureReading,CPU1 Temp,CPUSensor,2022-02-07T08:58:17Z,47
dell_poweredge_TemperatureReading,CPU1 Temp,CPUSensor,2022-02-07T08:58:22Z,47
dell_poweredge_TemperatureReading,CPU1 Temp,CPUSensor,2022-02-07T08:58:27Z,47
dell_poweredge_TemperatureReading,CPU1 Temp,CPUSensor,2022-02-07T08:58:31Z,47
dell_poweredge_TemperatureReading,CPU1 Temp,CPUSensor,2022-02-07T08:58:36Z,47
dell_poweredge_TemperatureReading,CPU1 Temp,CPUSensor,2022-02-07T08:58:41Z,47
dell_poweredge_TemperatureReading,CPU1 Temp,CPUSensor,2022-02-07T08:58:46Z,47
dell_poweredge_TemperatureReading,CPU1 Temp,CPUSensor,2022-02-07T08:58:51Z,47
dell_poweredge_TemperatureReading,CPU1 Temp,CPUSensor,2022-02-07T08:58:56Z,48
dell_poweredge_TemperatureReading,CPU1 Temp,CPUSensor,2022-02-07T08:59:01Z,48
dell_poweredge_TemperatureReading,CPU1 Temp,CPUSensor,2022-02-07T08:59:06Z,48
dell_poweredge_TemperatureReading,CPU1 Temp,CPUSensor,2022-02-07T08:59:11Z,48
dell_poweredge_TemperatureReading,CPU1 Temp,CPUSensor,2022-02-07T08:59:16Z,48
dell_poweredge_TemperatureReading,CPU1 Temp,CPUSensor,2022-02-07T08:59:20Z,48
dell_poweredge_TemperatureReading,CPU1 Temp,CPUSensor,2022-02-07T08:59:25Z,48
dell_poweredge_TemperatureReading,CPU1 Temp,CPUSensor,2022-02-07T08:59:30Z,48
dell_poweredge_TemperatureReading,CPU1 Temp,CPUSensor,2022-02-07T08:59:35Z,48
dell_poweredge_TemperatureReading,CPU1 Temp,CPUSensor,2022-02-07T08:59:40Z,48
dell_poweredge_TemperatureReading,CPU1 Temp,CPUSensor,2022-02-07T08:59:44Z,48
dell_poweredge_TemperatureReading,CPU1 Temp,CPUSensor,2022-02-07T08:59:49Z,48
dell_poweredge_TemperatureReading,CPU1 Temp,CPUSensor,2022-02-07T08:59:54Z,48
dell_poweredge_TemperatureReading,CPU1 Temp,CPUSensor,2022-02-07T08:59:59Z,48
dell_poweredge_TemperatureReading,CPU1 Temp,CPUSensor,2022-02-07T09:00:04Z,48
dell_poweredge_TemperatureReading,CPU1 Temp,CPUSensor,2022-02-07T09:00:09Z,48
dell_poweredge_TemperatureReading,CPU1 Temp,CPUSensor,2022-02-07T09:00:14Z,48
dell_poweredge_TemperatureReading,CPU1 Temp,CPUSensor,2022-02-07T09:00:19Z,48
dell_poweredge_TemperatureReading,CPU1 Temp,CPUSensor,2022-02-07T09:00:24Z,48
dell_poweredge_TemperatureReading,CPU1 Temp,CPUSensor,2022-02-07T09:00:31Z,48
dell_poweredge_TemperatureReading,CPU1 Temp,CPUSensor,2022-02-07T09:00:36Z,48
dell_poweredge_TemperatureReading,CPU1 Temp,CPUSensor,2022-02-07T09:00:41Z,48
dell_poweredge_TemperatureReading,CPU1 Temp,CPUSensor,2022-02-07T09:00:46Z,48
dell_poweredge_TemperatureReading,CPU1 Temp,CPUSensor,2022-02-07T09:00:51Z,48
dell_poweredge_TemperatureReading,CPU1 Temp,CPUSensor,2022-02-07T09:00:55Z,47
dell_poweredge_TemperatureReading,CPU1 Temp,CPUSensor,2022-02-07T09:01:00Z,47
dell_poweredge_TemperatureReading,CPU1 Temp,CPUSensor,2022-02-07T09:01:05Z,47
dell_poweredge_TemperatureReading,CPU1 Temp,CPUSensor,2022-02-07T09:01:10Z,47
dell_poweredge_TemperatureReading,CPU1 Temp,CPUSensor,2022-02-07T09:01:15Z,47
dell_poweredge_TemperatureReading,CPU1 Temp,CPUSensor,2022-02-07T09:01:19Z,47
dell_poweredge_TemperatureReading,CPU1 Temp,CPUSensor,2022-02-07T09:01:24Z,47
dell_poweredge_TemperatureReading,CPU1 Temp,CPUSensor,2022-02-07T09:01:29Z,47
dell_poweredge_TemperatureReading,CPU1 Temp,CPUSensor,2022-02-07T09:01:34Z,47
dell_poweredge_TemperatureReading,CPU1 Temp,CPUSensor,2022-02-07T09:01:39Z,47
dell_poweredge_TemperatureReading,CPU1 Temp,CPUSensor,2022-02-07T09:01:43Z,48
dell_poweredge_TemperatureReading,CPU1 Temp,CPUSensor,2022-02-07T09:01:48Z,48
dell_poweredge_TemperatureReading,CPU1 Temp,CPUSensor,2022-02-07T09:01:53Z,48
dell_poweredge_TemperatureReading,CPU1 Temp,CPUSensor,2022-02-07T09:01:58Z,48
dell_poweredge_TemperatureReading,CPU1 Temp,CPUSensor,2022-02-07T09:02:03Z,48
dell_poweredge_TemperatureReading,CPU1 Temp,CPUSensor,2022-02-07T09:02:07Z,48
dell_poweredge_TemperatureReading,CPU1 Temp,CPUSensor,2022-02-07T09:02:12Z,48
dell_poweredge_TemperatureReading,CPU1 Temp,CPUSensor,2022-02-07T09:02:17Z,48
dell_poweredge_TemperatureReading,CPU1 Temp,CPUSensor,2022-02-07T09:02:22Z,48
dell_poweredge_TemperatureReading,CPU1 Temp,CPUSensor,2022-02-07T09:02:27Z,48
dell_poweredge_TemperatureReading,CPU1 Temp,CPUSensor,2022-02-07T09:02:31Z,47
dell_poweredge_TemperatureReading,CPU1 Temp,CPUSensor,2022-02-07T09:02:36Z,47
dell_poweredge_TemperatureReading,CPU1 Temp,CPUSensor,2022-02-07T09:02:41Z,47
dell_poweredge_TemperatureReading,CPU1 Temp,CPUSensor,2022-02-07T09:02:46Z,47
dell_poweredge_TemperatureReading,CPU1 Temp,CPUSensor,2022-02-07T09:02:51Z,47
dell_poweredge_TemperatureReading,CPU1 Temp,CPUSensor,2022-02-07T09:02:55Z,47
dell_poweredge_TemperatureReading,CPU1 Temp,CPUSensor,2022-02-07T09:03:00Z,47
dell_poweredge_TemperatureReading,CPU1 Temp,CPUSensor,2022-02-07T09:03:05Z,47
dell_poweredge_TemperatureReading,CPU1 Temp,CPUSensor,2022-02-07T09:03:10Z,47
dell_poweredge_TemperatureReading,CPU1 Temp,CPUSensor,2022-02-07T09:03:15Z,47
dell_poweredge_TemperatureReading,CPU1 Temp,CPUSensor,2022-02-07T09:03:19Z,48
dell_poweredge_TemperatureReading,CPU1 Temp,CPUSensor,2022-02-07T09:03:24Z,48
dell_poweredge_TemperatureReading,CPU1 Temp,CPUSensor,2022-02-07T09:03:29Z,48
dell_poweredge_TemperatureReading,CPU1 Temp,CPUSensor,2022-02-07T09:03:34Z,48
dell_poweredge_TemperatureReading,CPU1 Temp,CPUSensor,2022-02-07T09:03:39Z,48
dell_poweredge_TemperatureReading,CPU1 Temp,CPUSensor,2022-02-07T09:03:42Z,48
dell_poweredge_TemperatureReading,CPU1 Temp,CPUSensor,2022-02-07T09:03:47Z,48
dell_poweredge_TemperatureReading,CPU1 Temp,CPUSensor,2022-02-07T09:03:52Z,48
dell_poweredge_TemperatureReading,CPU1 Temp,CPUSensor,2022-02-07T09:03:57Z,48
dell_poweredge_TemperatureReading,CPU1 Temp,CPUSensor,2022-02-07T09:04:02Z,48
dell_poweredge_TemperatureReading,CPU1 Temp,CPUSensor,2022-02-07T09:04:07Z,47
dell_poweredge_TemperatureReading,CPU1 Temp,CPUSensor,2022-02-07T09:04:12Z,47
dell_poweredge_TemperatureReading,CPU1 Temp,CPUSensor,2022-02-07T09:04:17Z,47
dell_poweredge_TemperatureReading,CPU1 Temp,CPUSensor,2022-02-07T09:04:22Z,47
dell_poweredge_TemperatureReading,CPU1 Temp,CPUSensor,2022-02-07T09:04:27Z,47
dell_poweredge_TemperatureReading,CPU1 Temp,CPUSensor,2022-02-07T09:04:30Z,47
dell_poweredge_TemperatureReading,CPU1 Temp,CPUSensor,2022-02-07T09:04:35Z,47
dell_poweredge_TemperatureReading,CPU1 Temp,CPUSensor,2022-02-07T09:04:40Z,47
dell_poweredge_TemperatureReading,CPU1 Temp,CPUSensor,2022-02-07T09:04:45Z,47
dell_poweredge_TemperatureReading,CPU1 Temp,CPUSensor,2022-02-07T09:04:50Z,47
dell_poweredge_TemperatureReading,CPU1 Temp,CPUSensor,2022-02-07T09:04:54Z,48
dell_poweredge_TemperatureReading,CPU1 Temp,CPUSensor,2022-02-07T09:04:59Z,48
dell_poweredge_TemperatureReading,CPU1 Temp,CPUSensor,2022-02-07T09:05:04Z,48
dell_poweredge_TemperatureReading,CPU1 Temp,CPUSensor,2022-02-07T09:05:09Z,48
dell_poweredge_TemperatureReading,CPU1 Temp,CPUSensor,2022-02-07T09:05:14Z,48
dell_poweredge_TemperatureReading,CPU1 Temp,CPUSensor,2022-02-07T09:05:18Z,47
dell_poweredge_TemperatureReading,CPU1 Temp,CPUSensor,2022-02-07T09:05:23Z,47
dell_poweredge_TemperatureReading,CPU1 Temp,CPUSensor,2022-02-07T09:05:28Z,47
dell_poweredge_TemperatureReading,CPU1 Temp,CPUSensor,2022-02-07T09:05:33Z,47
dell_poweredge_TemperatureReading,CPU1 Temp,CPUSensor,2022-02-07T09:05:38Z,47
dell_poweredge_TemperatureReading,CPU1 Temp,CPUSensor,2022-02-07T09:05:42Z,47
dell_poweredge_TemperatureReading,CPU1 Temp,CPUSensor,2022-02-07T09:05:47Z,47
dell_poweredge_TemperatureReading,CPU1 Temp,CPUSensor,2022-02-07T09:05:52Z,47
dell_poweredge_TemperatureReading,CPU1 Temp,CPUSensor,2022-02-07T09:05:57Z,47
dell_poweredge_TemperatureReading,CPU1 Temp,CPUSensor,2022-02-07T09:06:02Z,47
dell_poweredge_TemperatureReading,CPU1 Temp,CPUSensor,2022-02-07T09:06:07Z,47
dell_poweredge_TemperatureReading,CPU1 Temp,CPUSensor,2022-02-07T09:06:12Z,47
dell_poweredge_TemperatureReading,CPU1 Temp,CPUSensor,2022-02-07T09:06:17Z,47
dell_poweredge_TemperatureReading,CPU1 Temp,CPUSensor,2022-02-07T09:06:22Z,47
dell_poweredge_TemperatureReading,CPU1 Temp,CPUSensor,2022-02-07T09:06:29Z,48
dell_poweredge_TemperatureReading,CPU1 Temp,CPUSensor,2022-02-07T09:06:34Z,48
dell_poweredge_TemperatureReading,CPU1 Temp,CPUSensor,2022-02-07T09:06:39Z,48
dell_poweredge_TemperatureReading,CPU1 Temp,CPUSensor,2022-02-07T09:06:44Z,48
dell_poweredge_TemperatureReading,CPU1 Temp,CPUSensor,2022-02-07T09:06:49Z,48
dell_poweredge_TemperatureReading,CPU1 Temp,CPUSensor,2022-02-07T09:06:53Z,47
dell_poweredge_TemperatureReading,CPU1 Temp,CPUSensor,2022-02-07T09:06:58Z,47
dell_poweredge_TemperatureReading,CPU1 Temp,CPUSensor,2022-02-07T09:07:03Z,47
dell_poweredge_TemperatureReading,CPU1 Temp,CPUSensor,2022-02-07T09:07:08Z,47
dell_poweredge_TemperatureReading,CPU1 Temp,CPUSensor,2022-02-07T09:07:13Z,47
dell_poweredge_TemperatureReading,CPU1 Temp,CPUSensor,2022-02-07T09:07:17Z,47
dell_poweredge_TemperatureReading,CPU1 Temp,CPUSensor,2022-02-07T09:07:22Z,47
dell_poweredge_TemperatureReading,CPU1 Temp,CPUSensor,2022-02-07T09:07:27Z,47
dell_poweredge_TemperatureReading,CPU1 Temp,CPUSensor,2022-02-07T09:07:32Z,47
dell_poweredge_TemperatureReading,CPU1 Temp,CPUSensor,2022-02-07T09:07:37Z,47
dell_poweredge_TemperatureReading,CPU1 Temp,CPUSensor,2022-02-07T09:07:41Z,47
dell_poweredge_TemperatureReading,CPU1 Temp,CPUSensor,2022-02-07T09:07:46Z,47
dell_poweredge_TemperatureReading,CPU1 Temp,CPUSensor,2022-02-07T09:07:51Z,47
dell_poweredge_TemperatureReading,CPU1 Temp,CPUSensor,2022-02-07T09:07:56Z,47
dell_poweredge_TemperatureReading,CPU1 Temp,CPUSensor,2022-02-07T09:08:01Z,47
dell_poweredge_TemperatureReading,CPU1 Temp,CPUSensor,2022-02-07T09:08:05Z,48
dell_poweredge_TemperatureReading,CPU1 Temp,CPUSensor,2022-02-07T09:08:10Z,48
dell_poweredge_TemperatureReading,CPU1 Temp,CPUSensor,2022-02-07T09:08:15Z,48
dell_poweredge_TemperatureReading,CPU1 Temp,CPUSensor,2022-02-07T09:08:20Z,48
dell_poweredge_TemperatureReading,CPU1 Temp,CPUSensor,2022-02-07T09:08:25Z,48
dell_poweredge_TemperatureReading,CPU1 Temp,CPUSensor,2022-02-07T09:08:29Z,47
dell_poweredge_TemperatureReading,CPU1 Temp,CPUSensor,2022-02-07T09:08:34Z,47
dell_poweredge_TemperatureReading,CPU1 Temp,CPUSensor,2022-02-07T09:08:39Z,47
dell_poweredge_TemperatureReading,CPU1 Temp,CPUSensor,2022-02-07T09:08:44Z,47
dell_poweredge_TemperatureReading,CPU1 Temp,CPUSensor,2022-02-07T09:08:49Z,47
dell_poweredge_TemperatureReading,CPU1 Temp,CPUSensor,2022-02-07T09:08:53Z,47
dell_poweredge_TemperatureReading,CPU1 Temp,CPUSensor,2022-02-07T09:08:58Z,47
dell_poweredge_TemperatureReading,CPU1 Temp,CPUSensor,2022-02-07T09:09:03Z,47
dell_poweredge_TemperatureReading,CPU1 Temp,CPUSensor,2022-02-07T09:09:08Z,47
dell_poweredge_TemperatureReading,CPU1 Temp,CPUSensor,2022-02-07T09:09:13Z,47
dell_poweredge_TemperatureReading,CPU1 Temp,CPUSensor,2022-02-07T09:09:18Z,47
dell_poweredge_TemperatureReading,CPU1 Temp,CPUSensor,2022-02-07T09:09:23Z,47
dell_poweredge_TemperatureReading,CPU1 Temp,CPUSensor,2022-02-07T09:09:28Z,47
dell_poweredge_TemperatureReading,CPU1 Temp,CPUSensor,2022-02-07T09:09:33Z,47
dell_poweredge_TemperatureReading,CPU1 Temp,CPUSensor,2022-02-07T09:09:40Z,48
dell_poweredge_TemperatureReading,CPU1 Temp,CPUSensor,2022-02-07T09:09:45Z,48
dell_poweredge_TemperatureReading,CPU1 Temp,CPUSensor,2022-02-07T09:09:50Z,48
dell_poweredge_TemperatureReading,CPU1 Temp,CPUSensor,2022-02-07T09:09:55Z,48
dell_poweredge_TemperatureReading,CPU1 Temp,CPUSensor,2022-02-07T09:10:00Z,48
dell_poweredge_TemperatureReading,CPU1 Temp,CPUSensor,2022-02-07T09:10:04Z,48
dell_poweredge_TemperatureReading,CPU1 Temp,CPUSensor,2022-02-07T09:10:09Z,48
dell_poweredge_TemperatureReading,CPU1 Temp,CPUSensor,2022-02-07T09:10:14Z,48
dell_poweredge_TemperatureReading,CPU1 Temp,CPUSensor,2022-02-07T09:10:19Z,48
dell_poweredge_TemperatureReading,CPU1 Temp,CPUSensor,2022-02-07T09:10:24Z,48
dell_poweredge_TemperatureReading,CPU1 Temp,CPUSensor,2022-02-07T09:10:28Z,47
dell_poweredge_TemperatureReading,CPU1 Temp,CPUSensor,2022-02-07T09:10:33Z,47
dell_poweredge_TemperatureReading,CPU1 Temp,CPUSensor,2022-02-07T09:10:38Z,47
dell_poweredge_TemperatureReading,CPU1 Temp,CPUSensor,2022-02-07T09:10:43Z,47
dell_poweredge_TemperatureReading,CPU1 Temp,CPUSensor,2022-02-07T09:10:48Z,47
dell_poweredge_TemperatureReading,CPU1 Temp,CPUSensor,2022-02-07T09:10:52Z,48
dell_poweredge_TemperatureReading,CPU1 Temp,CPUSensor,2022-02-07T09:10:57Z,48
dell_poweredge_TemperatureReading,CPU1 Temp,CPUSensor,2022-02-07T09:11:02Z,48
dell_poweredge_TemperatureReading,CPU1 Temp,CPUSensor,2022-02-07T09:11:07Z,48
dell_poweredge_TemperatureReading,CPU1 Temp,CPUSensor,2022-02-07T09:11:12Z,48
dell_poweredge_TemperatureReading,CPU1 Temp,CPUSensor,2022-02-07T09:11:17Z,48
dell_poweredge_TemperatureReading,CPU1 Temp,CPUSensor,2022-02-07T09:11:22Z,48
dell_poweredge_TemperatureReading,CPU1 Temp,CPUSensor,2022-02-07T09:11:27Z,48
dell_poweredge_TemperatureReading,CPU1 Temp,CPUSensor,2022-02-07T09:11:32Z,48
dell_poweredge_TemperatureReading,CPU1 Temp,CPUSensor,2022-02-07T09:11:37Z,48
dell_poweredge_TemperatureReading,CPU1 Temp,CPUSensor,2022-02-07T09:11:40Z,47
dell_poweredge_TemperatureReading,CPU1 Temp,CPUSensor,2022-02-07T09:11:45Z,47
dell_poweredge_TemperatureReading,CPU1 Temp,CPUSensor,2022-02-07T09:11:50Z,47
dell_poweredge_TemperatureReading,CPU1 Temp,CPUSensor,2022-02-07T09:11:55Z,47
dell_poweredge_TemperatureReading,CPU1 Temp,CPUSensor,2022-02-07T09:12:00Z,47
dell_poweredge_TemperatureReading,CPU1 Temp,CPUSensor,2022-02-07T09:12:05Z,47
dell_poweredge_TemperatureReading,CPU1 Temp,CPUSensor,2022-02-07T09:12:10Z,47
dell_poweredge_TemperatureReading,CPU1 Temp,CPUSensor,2022-02-07T09:12:15Z,47
dell_poweredge_TemperatureReading,CPU1 Temp,CPUSensor,2022-02-07T09:12:20Z,47
dell_poweredge_TemperatureReading,CPU1 Temp,CPUSensor,2022-02-07T09:12:25Z,47
dell_poweredge_TemperatureReading,CPU1 Temp,CPUSensor,2022-02-07T09:12:28Z,48
dell_poweredge_TemperatureReading,CPU1 Temp,CPUSensor,2022-02-07T09:12:33Z,48
dell_poweredge_TemperatureReading,CPU1 Temp,CPUSensor,2022-02-07T09:12:38Z,48
dell_poweredge_TemperatureReading,CPU1 Temp,CPUSensor,2022-02-07T09:12:43Z,48
dell_poweredge_TemperatureReading,CPU1 Temp,CPUSensor,2022-02-07T09:12:48Z,48
dell_poweredge_TemperatureReading,CPU1 Temp,CPUSensor,2022-02-07T09:12:52Z,48
dell_poweredge_TemperatureReading,CPU1 Temp,CPUSensor,2022-02-07T09:12:57Z,48
dell_poweredge_TemperatureReading,CPU1 Temp,CPUSensor,2022-02-07T09:13:02Z,48
dell_poweredge_TemperatureReading,CPU1 Temp,CPUSensor,2022-02-07T09:13:07Z,48
dell_poweredge_TemperatureReading,CPU1 Temp,CPUSensor,2022-02-07T09:13:12Z,48
dell_poweredge_TemperatureReading,CPU1 Temp,CPUSensor,2022-02-07T09:13:15Z,47
dell_poweredge_TemperatureReading,CPU1 Temp,CPUSensor,2022-02-07T09:13:20Z,47
dell_poweredge_TemperatureReading,CPU1 Temp,CPUSensor,2022-02-07T09:13:25Z,47
dell_poweredge_TemperatureReading,CPU1 Temp,CPUSensor,2022-02-07T09:13:30Z,47
dell_poweredge_TemperatureReading,CPU1 Temp,CPUSensor,2022-02-07T09:13:35Z,47
dell_poweredge_TemperatureReading,CPU1 Temp,CPUSensor,2022-02-07T09:13:39Z,47
dell_poweredge_TemperatureReading,CPU1 Temp,CPUSensor,2022-02-07T09:13:44Z,47
dell_poweredge_TemperatureReading,CPU1 Temp,CPUSensor,2022-02-07T09:13:49Z,47
dell_poweredge_TemperatureReading,CPU1 Temp,CPUSensor,2022-02-07T09:13:54Z,47
dell_poweredge_TemperatureReading,CPU1 Temp,CPUSensor,2022-02-07T09:13:59Z,47
dell_poweredge_TemperatureReading,CPU1 Temp,CPUSensor,2022-02-07T09:14:03Z,48
dell_poweredge_TemperatureReading,CPU1 Temp,CPUSensor,2022-02-07T09:14:08Z,48
dell_poweredge_TemperatureReading,CPU1 Temp,CPUSensor,2022-02-07T09:14:13Z,48
dell_poweredge_TemperatureReading,CPU1 Temp,CPUSensor,2022-02-07T09:14:18Z,48
dell_poweredge_TemperatureReading,CPU1 Temp,CPUSensor,2022-02-07T09:14:23Z,48
dell_poweredge_TemperatureReading,CPU1 Temp,CPUSensor,2022-02-07T09:14:27Z,48
dell_poweredge_TemperatureReading,CPU1 Temp,CPUSensor,2022-02-07T09:14:32Z,48
dell_poweredge_TemperatureReading,CPU1 Temp,CPUSensor,2022-02-07T09:14:37Z,48
dell_poweredge_TemperatureReading,CPU1 Temp,CPUSensor,2022-02-07T09:14:42Z,48
dell_poweredge_TemperatureReading,CPU1 Temp,CPUSensor,2022-02-07T09:14:47Z,48
dell_poweredge_TemperatureReading,CPU1 Temp,CPUSensor,2022-02-07T09:14:51Z,48
dell_poweredge_TemperatureReading,CPU1 Temp,CPUSensor,2022-02-07T09:14:56Z,48
dell_poweredge_TemperatureReading,CPU1 Temp,CPUSensor,2022-02-07T09:15:01Z,48
dell_poweredge_TemperatureReading,CPU1 Temp,CPUSensor,2022-02-07T09:15:06Z,48
dell_poweredge_TemperatureReading,CPU1 Temp,CPUSensor,2022-02-07T09:15:11Z,48
dell_poweredge_TemperatureReading,CPU1 Temp,CPUSensor,2022-02-07T09:15:15Z,47
dell_poweredge_TemperatureReading,CPU1 Temp,CPUSensor,2022-02-07T09:15:20Z,47
dell_poweredge_TemperatureReading,CPU1 Temp,CPUSensor,2022-02-07T09:15:25Z,47
dell_poweredge_TemperatureReading,CPU1 Temp,CPUSensor,2022-02-07T09:15:30Z,47
dell_poweredge_TemperatureReading,CPU1 Temp,CPUSensor,2022-02-07T09:15:35Z,47
dell_poweredge_TemperatureReading,CPU1 Temp,CPUSensor,2022-02-07T09:15:39Z,48
dell_poweredge_TemperatureReading,CPU1 Temp,CPUSensor,2022-02-07T09:15:44Z,48
dell_poweredge_TemperatureReading,CPU1 Temp,CPUSensor,2022-02-07T09:15:49Z,48
dell_poweredge_TemperatureReading,CPU1 Temp,CPUSensor,2022-02-07T09:15:54Z,48
dell_poweredge_TemperatureReading,CPU1 Temp,CPUSensor,2022-02-07T09:15:59Z,48
dell_poweredge_TemperatureReading,CPU1 Temp,CPUSensor,2022-02-07T09:16:03Z,47
dell_poweredge_TemperatureReading,CPU1 Temp,CPUSensor,2022-02-07T09:16:08Z,47
dell_poweredge_TemperatureReading,CPU1 Temp,CPUSensor,2022-02-07T09:16:13Z,47
dell_poweredge_TemperatureReading,CPU1 Temp,CPUSensor,2022-02-07T09:16:18Z,47
dell_poweredge_TemperatureReading,CPU1 Temp,CPUSensor,2022-02-07T09:16:23Z,47
dell_poweredge_TemperatureReading,CPU1 Temp,CPUSensor,2022-02-07T09:16:26Z,47
dell_poweredge_TemperatureReading,CPU1 Temp,CPUSensor,2022-02-07T09:16:31Z,47
dell_poweredge_TemperatureReading,CPU1 Temp,CPUSensor,2022-02-07T09:16:36Z,47
dell_poweredge_TemperatureReading,CPU1 Temp,CPUSensor,2022-02-07T09:16:41Z,47
dell_poweredge_TemperatureReading,CPU1 Temp,CPUSensor,2022-02-07T09:16:46Z,47
dell_poweredge_TemperatureReading,CPU1 Temp,CPUSensor,2022-02-07T09:16:50Z,47
dell_poweredge_TemperatureReading,CPU1 Temp,CPUSensor,2022-02-07T09:16:55Z,47
dell_poweredge_TemperatureReading,CPU1 Temp,CPUSensor,2022-02-07T09:17:00Z,47
dell_poweredge_TemperatureReading,CPU1 Temp,CPUSensor,2022-02-07T09:17:05Z,47
dell_poweredge_TemperatureReading,CPU1 Temp,CPUSensor,2022-02-07T09:17:10Z,47
dell_poweredge_TemperatureReading,CPU1 Temp,CPUSensor,2022-02-07T09:17:14Z,48
dell_poweredge_TemperatureReading,CPU1 Temp,CPUSensor,2022-02-07T09:17:19Z,48
dell_poweredge_TemperatureReading,CPU1 Temp,CPUSensor,2022-02-07T09:17:24Z,48
dell_poweredge_TemperatureReading,CPU1 Temp,CPUSensor,2022-02-07T09:17:29Z,48
dell_poweredge_TemperatureReading,CPU1 Temp,CPUSensor,2022-02-07T09:17:34Z,48
dell_poweredge_TemperatureReading,CPU1 Temp,CPUSensor,2022-02-07T09:17:38Z,47
dell_poweredge_TemperatureReading,CPU1 Temp,CPUSensor,2022-02-07T09:17:43Z,47
dell_poweredge_TemperatureReading,CPU1 Temp,CPUSensor,2022-02-07T09:17:48Z,47
dell_poweredge_TemperatureReading,CPU1 Temp,CPUSensor,2022-02-07T09:17:53Z,47
dell_poweredge_TemperatureReading,CPU1 Temp,CPUSensor,2022-02-07T09:17:58Z,47
dell_poweredge_TemperatureReading,CPU1 Temp,CPUSensor,2022-02-07T09:18:02Z,47
dell_poweredge_TemperatureReading,CPU1 Temp,CPUSensor,2022-02-07T09:18:07Z,47
dell_poweredge_TemperatureReading,CPU1 Temp,CPUSensor,2022-02-07T09:18:12Z,47
dell_poweredge_TemperatureReading,CPU1 Temp,CPUSensor,2022-02-07T09:18:17Z,47
dell_poweredge_TemperatureReading,CPU1 Temp,CPUSensor,2022-02-07T09:18:22Z,47
dell_poweredge_TemperatureReading,CPU1 Temp,CPUSensor,2022-02-07T09:18:26Z,47
dell_poweredge_TemperatureReading,CPU1 Temp,CPUSensor,2022-02-07T09:18:31Z,47
dell_poweredge_TemperatureReading,CPU1 Temp,CPUSensor,2022-02-07T09:18:36Z,47
dell_poweredge_TemperatureReading,CPU1 Temp,CPUSensor,2022-02-07T09:18:41Z,47
dell_poweredge_TemperatureReading,CPU1 Temp,CPUSensor,2022-02-07T09:18:46Z,47
dell_poweredge_TemperatureReading,CPU1 Temp,CPUSensor,2022-02-07T09:18:50Z,48
dell_poweredge_TemperatureReading,CPU1 Temp,CPUSensor,2022-02-07T09:18:55Z,48
dell_poweredge_TemperatureReading,CPU1 Temp,CPUSensor,2022-02-07T09:19:00Z,48
dell_poweredge_TemperatureReading,CPU1 Temp,CPUSensor,2022-02-07T09:19:05Z,48
dell_poweredge_TemperatureReading,CPU1 Temp,CPUSensor,2022-02-07T09:19:10Z,48
dell_poweredge_TemperatureReading,CPU1 Temp,CPUSensor,2022-02-07T09:19:13Z,47
dell_poweredge_TemperatureReading,CPU1 Temp,CPUSensor,2022-02-07T09:19:18Z,47
dell_poweredge_TemperatureReading,CPU1 Temp,CPUSensor,2022-02-07T09:19:23Z,47
dell_poweredge_TemperatureReading,CPU1 Temp,CPUSensor,2022-02-07T09:19:28Z,47
dell_poweredge_TemperatureReading,CPU1 Temp,CPUSensor,2022-02-07T09:19:33Z,47
dell_poweredge_TemperatureReading,CPU1 Temp,CPUSensor,2022-02-07T09:19:37Z,47
dell_poweredge_TemperatureReading,CPU1 Temp,CPUSensor,2022-02-07T09:19:42Z,47
dell_poweredge_TemperatureReading,CPU1 Temp,CPUSensor,2022-02-07T09:19:47Z,47
dell_poweredge_TemperatureReading,CPU1 Temp,CPUSensor,2022-02-07T09:19:52Z,47
dell_poweredge_TemperatureReading,CPU1 Temp,CPUSensor,2022-02-07T09:19:57Z,47
dell_poweredge_TemperatureReading,CPU1 Temp,CPUSensor,2022-02-07T09:20:02Z,47
dell_poweredge_TemperatureReading,CPU1 Temp,CPUSensor,2022-02-07T09:20:07Z,47
dell_poweredge_TemperatureReading,CPU1 Temp,CPUSensor,2022-02-07T09:20:12Z,47
dell_poweredge_TemperatureReading,CPU1 Temp,CPUSensor,2022-02-07T09:20:17Z,47
dell_poweredge_TemperatureReading,CPU1 Temp,CPUSensor,2022-02-07T09:20:22Z,47
dell_poweredge_TemperatureReading,CPU1 Temp,CPUSensor,2022-02-07T09:20:25Z,48
dell_poweredge_TemperatureReading,CPU1 Temp,CPUSensor,2022-02-07T09:20:30Z,48
dell_poweredge_TemperatureReading,CPU1 Temp,CPUSensor,2022-02-07T09:20:35Z,48
dell_poweredge_TemperatureReading,CPU1 Temp,CPUSensor,2022-02-07T09:20:40Z,48
dell_poweredge_TemperatureReading,CPU1 Temp,CPUSensor,2022-02-07T09:20:45Z,48
dell_poweredge_TemperatureReading,CPU1 Temp,CPUSensor,2022-02-07T09:20:49Z,47
dell_poweredge_TemperatureReading,CPU1 Temp,CPUSensor,2022-02-07T09:20:54Z,47
dell_poweredge_TemperatureReading,CPU1 Temp,CPUSensor,2022-02-07T09:20:59Z,47
dell_poweredge_TemperatureReading,CPU1 Temp,CPUSensor,2022-02-07T09:21:04Z,47
dell_poweredge_TemperatureReading,CPU1 Temp,CPUSensor,2022-02-07T09:21:09Z,47
dell_poweredge_TemperatureReading,CPU1 Temp,CPUSensor,2022-02-07T09:21:14Z,47
dell_poweredge_TemperatureReading,CPU1 Temp,CPUSensor,2022-02-07T09:21:19Z,47
dell_poweredge_TemperatureReading,CPU1 Temp,CPUSensor,2022-02-07T09:21:24Z,47
dell_poweredge_TemperatureReading,CPU1 Temp,CPUSensor,2022-02-07T09:21:29Z,47
dell_poweredge_TemperatureReading,CPU1 Temp,CPUSensor,2022-02-07T09:21:34Z,47
dell_poweredge_TemperatureReading,CPU1 Temp,CPUSensor,2022-02-07T09:21:37Z,47
dell_poweredge_TemperatureReading,CPU1 Temp,CPUSensor,2022-02-07T09:21:42Z,47
dell_poweredge_TemperatureReading,CPU1 Temp,CPUSensor,2022-02-07T09:21:47Z,47
dell_poweredge_TemperatureReading,CPU1 Temp,CPUSensor,2022-02-07T09:21:52Z,47
dell_poweredge_TemperatureReading,CPU1 Temp,CPUSensor,2022-02-07T09:21:57Z,47
dell_poweredge_TemperatureReading,CPU1 Temp,CPUSensor,2022-02-07T09:22:00Z,48
dell_poweredge_TemperatureReading,CPU1 Temp,CPUSensor,2022-02-07T09:22:05Z,48
dell_poweredge_TemperatureReading,CPU1 Temp,CPUSensor,2022-02-07T09:22:10Z,48
dell_poweredge_TemperatureReading,CPU1 Temp,CPUSensor,2022-02-07T09:22:15Z,48
dell_poweredge_TemperatureReading,CPU1 Temp,CPUSensor,2022-02-07T09:22:20Z,48
dell_poweredge_TemperatureReading,CPU1 Temp,CPUSensor,2022-02-07T09:22:24Z,47
dell_poweredge_TemperatureReading,CPU1 Temp,CPUSensor,2022-02-07T09:22:29Z,47
dell_poweredge_TemperatureReading,CPU1 Temp,CPUSensor,2022-02-07T09:22:34Z,47
dell_poweredge_TemperatureReading,CPU1 Temp,CPUSensor,2022-02-07T09:22:39Z,47
dell_poweredge_TemperatureReading,CPU1 Temp,CPUSensor,2022-02-07T09:22:44Z,47
dell_poweredge_TemperatureReading,CPU1 Temp,CPUSensor,2022-02-07T09:22:49Z,47
dell_poweredge_TemperatureReading,CPU1 Temp,CPUSensor,2022-02-07T09:22:54Z,47
dell_poweredge_TemperatureReading,CPU1 Temp,CPUSensor,2022-02-07T09:22:59Z,47
dell_poweredge_TemperatureReading,CPU1 Temp,CPUSensor,2022-02-07T09:23:04Z,47
dell_poweredge_TemperatureReading,CPU1 Temp,CPUSensor,2022-02-07T09:23:09Z,47
dell_poweredge_TemperatureReading,CPU1 Temp,CPUSensor,2022-02-07T09:23:12Z,48
dell_poweredge_TemperatureReading,CPU1 Temp,CPUSensor,2022-02-07T09:23:17Z,48
dell_poweredge_TemperatureReading,CPU1 Temp,CPUSensor,2022-02-07T09:23:22Z,48
dell_poweredge_TemperatureReading,CPU1 Temp,CPUSensor,2022-02-07T09:23:27Z,48
dell_poweredge_TemperatureReading,CPU1 Temp,CPUSensor,2022-02-07T09:23:32Z,48
dell_poweredge_TemperatureReading,CPU1 Temp,CPUSensor,2022-02-07T09:23:37Z,48
dell_poweredge_TemperatureReading,CPU1 Temp,CPUSensor,2022-02-07T09:23:42Z,48
dell_poweredge_TemperatureReading,CPU1 Temp,CPUSensor,2022-02-07T09:23:47Z,48
dell_poweredge_TemperatureReading,CPU1 Temp,CPUSensor,2022-02-07T09:23:52Z,48
dell_poweredge_TemperatureReading,CPU1 Temp,CPUSensor,2022-02-07T09:23:57Z,48
dell_poweredge_TemperatureReading,CPU1 Temp,CPUSensor,2022-02-07T09:24:00Z,47
dell_poweredge_TemperatureReading,CPU1 Temp,CPUSensor,2022-02-07T09:24:05Z,47
dell_poweredge_TemperatureReading,CPU1 Temp,CPUSensor,2022-02-07T09:24:10Z,47
dell_poweredge_TemperatureReading,CPU1 Temp,CPUSensor,2022-02-07T09:24:15Z,47
dell_poweredge_TemperatureReading,CPU1 Temp,CPUSensor,2022-02-07T09:24:20Z,47
dell_poweredge_TemperatureReading,CPU1 Temp,CPUSensor,2022-02-07T09:24:24Z,47
dell_poweredge_TemperatureReading,CPU1 Temp,CPUSensor,2022-02-07T09:24:29Z,47
dell_poweredge_TemperatureReading,CPU1 Temp,CPUSensor,2022-02-07T09:24:34Z,47
dell_poweredge_TemperatureReading,CPU1 Temp,CPUSensor,2022-02-07T09:24:39Z,47
dell_poweredge_TemperatureReading,CPU1 Temp,CPUSensor,2022-02-07T09:24:44Z,47
dell_poweredge_TemperatureReading,CPU1 Temp,CPUSensor,2022-02-07T09:24:48Z,48
dell_poweredge_TemperatureReading,CPU1 Temp,CPUSensor,2022-02-07T09:24:53Z,48
dell_poweredge_TemperatureReading,CPU1 Temp,CPUSensor,2022-02-07T09:24:58Z,48
dell_poweredge_TemperatureReading,CPU1 Temp,CPUSensor,2022-02-07T09:25:03Z,48
dell_poweredge_TemperatureReading,CPU1 Temp,CPUSensor,2022-02-07T09:25:08Z,48
dell_poweredge_TemperatureReading,CPU1 Temp,CPUSensor,2022-02-07T09:25:11Z,46
dell_poweredge_TemperatureReading,CPU1 Temp,CPUSensor,2022-02-07T09:25:16Z,46
dell_poweredge_TemperatureReading,CPU1 Temp,CPUSensor,2022-02-07T09:25:21Z,46
dell_poweredge_TemperatureReading,CPU1 Temp,CPUSensor,2022-02-07T09:25:26Z,46
dell_poweredge_TemperatureReading,CPU1 Temp,CPUSensor,2022-02-07T09:25:31Z,46
dell_poweredge_TemperatureReading,CPU1 Temp,CPUSensor,2022-02-07T09:25:35Z,47
dell_poweredge_TemperatureReading,CPU1 Temp,CPUSensor,2022-02-07T09:25:40Z,47
dell_poweredge_TemperatureReading,CPU1 Temp,CPUSensor,2022-02-07T09:25:45Z,47
dell_poweredge_TemperatureReading,CPU1 Temp,CPUSensor,2022-02-07T09:25:50Z,47
dell_poweredge_TemperatureReading,CPU1 Temp,CPUSensor,2022-02-07T09:25:55Z,47
dell_poweredge_TemperatureReading,CPU1 Temp,CPUSensor,2022-02-07T09:25:59Z,47
dell_poweredge_TemperatureReading,CPU1 Temp,CPUSensor,2022-02-07T09:26:04Z,47
dell_poweredge_TemperatureReading,CPU1 Temp,CPUSensor,2022-02-07T09:26:09Z,47
dell_poweredge_TemperatureReading,CPU1 Temp,CPUSensor,2022-02-07T09:26:14Z,47
dell_poweredge_TemperatureReading,CPU1 Temp,CPUSensor,2022-02-07T09:26:19Z,47
dell_poweredge_TemperatureReading,CPU1 Temp,CPUSensor,2022-02-07T09:26:23Z,48
dell_poweredge_TemperatureReading,CPU1 Temp,CPUSensor,2022-02-07T09:26:28Z,48
dell_poweredge_TemperatureReading,CPU1 Temp,CPUSensor,2022-02-07T09:26:33Z,48
dell_poweredge_TemperatureReading,CPU1 Temp,CPUSensor,2022-02-07T09:26:38Z,48
dell_poweredge_TemperatureReading,CPU1 Temp,CPUSensor,2022-02-07T09:26:43Z,48
dell_poweredge_TemperatureReading,CPU1 Temp,CPUSensor,2022-02-07T09:26:47Z,47
dell_poweredge_TemperatureReading,CPU1 Temp,CPUSensor,2022-02-07T09:26:52Z,47
dell_poweredge_TemperatureReading,CPU1 Temp,CPUSensor,2022-02-07T09:26:57Z,47
dell_poweredge_TemperatureReading,CPU1 Temp,CPUSensor,2022-02-07T09:27:02Z,47
dell_poweredge_TemperatureReading,CPU1 Temp,CPUSensor,2022-02-07T09:27:07Z,47
dell_poweredge_TemperatureReading,CPU1 Temp,CPUSensor,2022-02-07T09:27:12Z,47
dell_poweredge_TemperatureReading,CPU1 Temp,CPUSensor,2022-02-07T09:27:17Z,47
dell_poweredge_TemperatureReading,CPU1 Temp,CPUSensor,2022-02-07T09:27:22Z,47
dell_poweredge_TemperatureReading,CPU1 Temp,CPUSensor,2022-02-07T09:27:27Z,47
dell_poweredge_TemperatureReading,CPU1 Temp,CPUSensor,2022-02-07T09:27:32Z,47
dell_poweredge_TemperatureReading,CPU1 Temp,CPUSensor,2022-02-07T09:27:37Z,47
dell_poweredge_TemperatureReading,CPU1 Temp,CPUSensor,2022-02-07T09:27:42Z,47
dell_poweredge_TemperatureReading,CPU1 Temp,CPUSensor,2022-02-07T09:27:47Z,47
dell_poweredge_TemperatureReading,CPU1 Temp,CPUSensor,2022-02-07T09:27:52Z,47
dell_poweredge_TemperatureReading,CPU1 Temp,CPUSensor,2022-02-07T09:27:58Z,48
dell_poweredge_TemperatureReading,CPU1 Temp,CPUSensor,2022-02-07T09:28:03Z,48
dell_poweredge_TemperatureReading,CPU1 Temp,CPUSensor,2022-02-07T09:28:08Z,48
dell_poweredge_TemperatureReading,CPU1 Temp,CPUSensor,2022-02-07T09:28:13Z,48
dell_poweredge_TemperatureReading,CPU1 Temp,CPUSensor,2022-02-07T09:28:18Z,48
dell_poweredge_TemperatureReading,CPU1 Temp,CPUSensor,2022-02-07T09:28:22Z,47
dell_poweredge_TemperatureReading,CPU1 Temp,CPUSensor,2022-02-07T09:28:27Z,47
dell_poweredge_TemperatureReading,CPU1 Temp,CPUSensor,2022-02-07T09:28:32Z,47
dell_poweredge_TemperatureReading,CPU1 Temp,CPUSensor,2022-02-07T09:28:37Z,47
dell_poweredge_TemperatureReading,CPU1 Temp,CPUSensor,2022-02-07T09:28:42Z,47
dell_poweredge_TemperatureReading,CPU1 Temp,CPUSensor,2022-02-07T09:28:46Z,47
dell_poweredge_TemperatureReading,CPU1 Temp,CPUSensor,2022-02-07T09:28:51Z,47
dell_poweredge_TemperatureReading,CPU1 Temp,CPUSensor,2022-02-07T09:28:56Z,47
dell_poweredge_TemperatureReading,CPU1 Temp,CPUSensor,2022-02-07T09:29:01Z,47
dell_poweredge_TemperatureReading,CPU1 Temp,CPUSensor,2022-02-07T09:29:06Z,47
dell_poweredge_TemperatureReading,CPU1 Temp,CPUSensor,2022-02-07T09:29:11Z,47
dell_poweredge_TemperatureReading,CPU1 Temp,CPUSensor,2022-02-07T09:29:16Z,47
dell_poweredge_TemperatureReading,CPU1 Temp,CPUSensor,2022-02-07T09:29:21Z,47
dell_poweredge_TemperatureReading,CPU1 Temp,CPUSensor,2022-02-07T09:29:26Z,47
dell_poweredge_TemperatureReading,CPU1 Temp,CPUSensor,2022-02-07T09:29:31Z,47
dell_poweredge_TemperatureReading,CPU1 Temp,CPUSensor,2022-02-07T09:29:34Z,48
dell_poweredge_TemperatureReading,CPU1 Temp,CPUSensor,2022-02-07T09:29:39Z,48
dell_poweredge_TemperatureReading,CPU1 Temp,CPUSensor,2022-02-07T09:29:44Z,48
dell_poweredge_TemperatureReading,CPU1 Temp,CPUSensor,2022-02-07T09:29:49Z,48
dell_poweredge_TemperatureReading,CPU1 Temp,CPUSensor,2022-02-07T09:29:54Z,48
dell_poweredge_TemperatureReading,CPU1 Temp,CPUSensor,2022-02-07T09:29:58Z,47
dell_poweredge_TemperatureReading,CPU1 Temp,CPUSensor,2022-02-07T09:30:03Z,47
dell_poweredge_TemperatureReading,CPU1 Temp,CPUSensor,2022-02-07T09:30:08Z,47
dell_poweredge_TemperatureReading,CPU1 Temp,CPUSensor,2022-02-07T09:30:13Z,47
dell_poweredge_TemperatureReading,CPU1 Temp,CPUSensor,2022-02-07T09:30:18Z,47
dell_poweredge_TemperatureReading,CPU1 Temp,CPUSensor,2022-02-07T09:30:22Z,47
dell_poweredge_TemperatureReading,CPU1 Temp,CPUSensor,2022-02-07T09:30:27Z,47
dell_poweredge_TemperatureReading,CPU1 Temp,CPUSensor,2022-02-07T09:30:32Z,47
dell_poweredge_TemperatureReading,CPU1 Temp,CPUSensor,2022-02-07T09:30:37Z,47
dell_poweredge_TemperatureReading,CPU1 Temp,CPUSensor,2022-02-07T09:30:42Z,47
dell_poweredge_TemperatureReading,CPU1 Temp,CPUSensor,2022-02-07T09:30:46Z,47
dell_poweredge_TemperatureReading,CPU1 Temp,CPUSensor,2022-02-07T09:30:51Z,47
dell_poweredge_TemperatureReading,CPU1 Temp,CPUSensor,2022-02-07T09:30:56Z,47
dell_poweredge_TemperatureReading,CPU1 Temp,CPUSensor,2022-02-07T09:31:01Z,47
dell_poweredge_TemperatureReading,CPU1 Temp,CPUSensor,2022-02-07T09:31:06Z,47
dell_poweredge_TemperatureReading,CPU1 Temp,CPUSensor,2022-02-07T09:31:09Z,48
dell_poweredge_TemperatureReading,CPU1 Temp,CPUSensor,2022-02-07T09:31:14Z,48
dell_poweredge_TemperatureReading,CPU1 Temp,CPUSensor,2022-02-07T09:31:19Z,48
dell_poweredge_TemperatureReading,CPU1 Temp,CPUSensor,2022-02-07T09:31:24Z,48
dell_poweredge_TemperatureReading,CPU1 Temp,CPUSensor,2022-02-07T09:31:29Z,48
dell_poweredge_TemperatureReading,CPU1 Temp,CPUSensor,2022-02-07T09:31:33Z,48
dell_poweredge_TemperatureReading,CPU1 Temp,CPUSensor,2022-02-07T09:31:38Z,48
dell_poweredge_TemperatureReading,CPU1 Temp,CPUSensor,2022-02-07T09:31:43Z,48
dell_poweredge_TemperatureReading,CPU1 Temp,CPUSensor,2022-02-07T09:31:48Z,48
dell_poweredge_TemperatureReading,CPU1 Temp,CPUSensor,2022-02-07T09:31:53Z,48
dell_poweredge_TemperatureReading,CPU1 Temp,CPUSensor,2022-02-07T09:31:57Z,47
dell_poweredge_TemperatureReading,CPU1 Temp,CPUSensor,2022-02-07T09:32:02Z,47
dell_poweredge_TemperatureReading,CPU1 Temp,CPUSensor,2022-02-07T09:32:07Z,47
dell_poweredge_TemperatureReading,CPU1 Temp,CPUSensor,2022-02-07T09:32:12Z,47
dell_poweredge_TemperatureReading,CPU1 Temp,CPUSensor,2022-02-07T09:32:17Z,47
dell_poweredge_TemperatureReading,CPU1 Temp,CPUSensor,2022-02-07T09:32:21Z,47
dell_poweredge_TemperatureReading,CPU1 Temp,CPUSensor,2022-02-07T09:32:26Z,47
dell_poweredge_TemperatureReading,CPU1 Temp,CPUSensor,2022-02-07T09:32:31Z,47
dell_poweredge_TemperatureReading,CPU1 Temp,CPUSensor,2022-02-07T09:32:36Z,47
dell_poweredge_TemperatureReading,CPU1 Temp,CPUSensor,2022-02-07T09:32:41Z,47
dell_poweredge_TemperatureReading,CPU1 Temp,CPUSensor,2022-02-07T09:32:45Z,48
dell_poweredge_TemperatureReading,CPU1 Temp,CPUSensor,2022-02-07T09:32:50Z,48
dell_poweredge_TemperatureReading,CPU1 Temp,CPUSensor,2022-02-07T09:32:55Z,48
dell_poweredge_TemperatureReading,CPU1 Temp,CPUSensor,2022-02-07T09:33:00Z,48
dell_poweredge_TemperatureReading,CPU1 Temp,CPUSensor,2022-02-07T09:33:05Z,48
dell_poweredge_TemperatureReading,CPU1 Temp,CPUSensor,2022-02-07T09:33:10Z,48
dell_poweredge_TemperatureReading,CPU1 Temp,CPUSensor,2022-02-07T09:33:15Z,48
dell_poweredge_TemperatureReading,CPU1 Temp,CPUSensor,2022-02-07T09:33:20Z,48
dell_poweredge_TemperatureReading,CPU1 Temp,CPUSensor,2022-02-07T09:33:25Z,48
dell_poweredge_TemperatureReading,CPU1 Temp,CPUSensor,2022-02-07T09:33:30Z,48
dell_poweredge_TemperatureReading,CPU1 Temp,CPUSensor,2022-02-07T09:33:33Z,47
dell_poweredge_TemperatureReading,CPU1 Temp,CPUSensor,2022-02-07T09:33:38Z,47
dell_poweredge_TemperatureReading,CPU1 Temp,CPUSensor,2022-02-07T09:33:43Z,47
dell_poweredge_TemperatureReading,CPU1 Temp,CPUSensor,2022-02-07T09:33:48Z,47
dell_poweredge_TemperatureReading,CPU1 Temp,CPUSensor,2022-02-07T09:33:53Z,47
dell_poweredge_TemperatureReading,CPU1 Temp,CPUSensor,2022-02-07T09:33:57Z,48
dell_poweredge_TemperatureReading,CPU1 Temp,CPUSensor,2022-02-07T09:34:02Z,48
dell_poweredge_TemperatureReading,CPU1 Temp,CPUSensor,2022-02-07T09:34:07Z,48
dell_poweredge_TemperatureReading,CPU1 Temp,CPUSensor,2022-02-07T09:34:12Z,48
dell_poweredge_TemperatureReading,CPU1 Temp,CPUSensor,2022-02-07T09:34:17Z,48
dell_poweredge_TemperatureReading,CPU1 Temp,CPUSensor,2022-02-07T09:34:21Z,48
dell_poweredge_TemperatureReading,CPU1 Temp,CPUSensor,2022-02-07T09:34:26Z,48
dell_poweredge_TemperatureReading,CPU1 Temp,CPUSensor,2022-02-07T09:34:31Z,48
dell_poweredge_TemperatureReading,CPU1 Temp,CPUSensor,2022-02-07T09:34:36Z,48
dell_poweredge_TemperatureReading,CPU1 Temp,CPUSensor,2022-02-07T09:34:41Z,48
dell_poweredge_TemperatureReading,CPU1 Temp,CPUSensor,2022-02-07T09:34:45Z,47
dell_poweredge_TemperatureReading,CPU1 Temp,CPUSensor,2022-02-07T09:34:50Z,47
dell_poweredge_TemperatureReading,CPU1 Temp,CPUSensor,2022-02-07T09:34:55Z,47
dell_poweredge_TemperatureReading,CPU1 Temp,CPUSensor,2022-02-07T09:35:00Z,47
dell_poweredge_TemperatureReading,CPU1 Temp,CPUSensor,2022-02-07T09:35:05Z,47
dell_poweredge_TemperatureReading,CPU1 Temp,CPUSensor,2022-02-07T09:35:10Z,47
dell_poweredge_TemperatureReading,CPU1 Temp,CPUSensor,2022-02-07T09:35:15Z,47
dell_poweredge_TemperatureReading,CPU1 Temp,CPUSensor,2022-02-07T09:35:20Z,47
dell_poweredge_TemperatureReading,CPU1 Temp,CPUSensor,2022-02-07T09:35:25Z,47
dell_poweredge_TemperatureReading,CPU1 Temp,CPUSensor,2022-02-07T09:35:30Z,47
dell_poweredge_TemperatureReading,CPU1 Temp,CPUSensor,2022-02-07T09:35:33Z,48
dell_poweredge_TemperatureReading,CPU1 Temp,CPUSensor,2022-02-07T09:35:38Z,48
dell_poweredge_TemperatureReading,CPU1 Temp,CPUSensor,2022-02-07T09:35:43Z,48
dell_poweredge_TemperatureReading,CPU1 Temp,CPUSensor,2022-02-07T09:35:48Z,48
dell_poweredge_TemperatureReading,CPU1 Temp,CPUSensor,2022-02-07T09:35:53Z,48
dell_poweredge_TemperatureReading,CPU1 Temp,CPUSensor,2022-02-07T09:35:57Z,44
dell_poweredge_TemperatureReading,CPU1 Temp,CPUSensor,2022-02-07T09:36:02Z,44
dell_poweredge_TemperatureReading,CPU1 Temp,CPUSensor,2022-02-07T09:36:07Z,44
dell_poweredge_TemperatureReading,CPU1 Temp,CPUSensor,2022-02-07T09:36:12Z,44
dell_poweredge_TemperatureReading,CPU1 Temp,CPUSensor,2022-02-07T09:36:17Z,44
dell_poweredge_TemperatureReading,CPU1 Temp,CPUSensor,2022-02-07T09:36:21Z,47
dell_poweredge_TemperatureReading,CPU1 Temp,CPUSensor,2022-02-07T09:36:26Z,47
dell_poweredge_TemperatureReading,CPU1 Temp,CPUSensor,2022-02-07T09:36:31Z,47
dell_poweredge_TemperatureReading,CPU1 Temp,CPUSensor,2022-02-07T09:36:36Z,47
dell_poweredge_TemperatureReading,CPU1 Temp,CPUSensor,2022-02-07T09:36:41Z,47
dell_poweredge_TemperatureReading,CPU1 Temp,CPUSensor,2022-02-07T09:36:44Z,47
dell_poweredge_TemperatureReading,CPU1 Temp,CPUSensor,2022-02-07T09:36:49Z,47
dell_poweredge_TemperatureReading,CPU1 Temp,CPUSensor,2022-02-07T09:36:54Z,47
dell_poweredge_TemperatureReading,CPU1 Temp,CPUSensor,2022-02-07T09:36:59Z,47
dell_poweredge_TemperatureReading,CPU1 Temp,CPUSensor,2022-02-07T09:37:04Z,47
dell_poweredge_TemperatureReading,CPU1 Temp,CPUSensor,2022-02-07T09:37:08Z,48
dell_poweredge_TemperatureReading,CPU1 Temp,CPUSensor,2022-02-07T09:37:13Z,48
dell_poweredge_TemperatureReading,CPU1 Temp,CPUSensor,2022-02-07T09:37:18Z,48
dell_poweredge_TemperatureReading,CPU1 Temp,CPUSensor,2022-02-07T09:37:23Z,48
dell_poweredge_TemperatureReading,CPU1 Temp,CPUSensor,2022-02-07T09:37:28Z,48
dell_poweredge_TemperatureReading,CPU1 Temp,CPUSensor,2022-02-07T09:37:32Z,47
dell_poweredge_TemperatureReading,CPU1 Temp,CPUSensor,2022-02-07T09:37:37Z,47
dell_poweredge_TemperatureReading,CPU1 Temp,CPUSensor,2022-02-07T09:37:42Z,47
dell_poweredge_TemperatureReading,CPU1 Temp,CPUSensor,2022-02-07T09:37:47Z,47
dell_poweredge_TemperatureReading,CPU1 Temp,CPUSensor,2022-02-07T09:37:52Z,47
dell_poweredge_TemperatureReading,CPU1 Temp,CPUSensor,2022-02-07T09:37:56Z,47
dell_poweredge_TemperatureReading,CPU1 Temp,CPUSensor,2022-02-07T09:38:01Z,47
dell_poweredge_TemperatureReading,CPU1 Temp,CPUSensor,2022-02-07T09:38:06Z,47
dell_poweredge_TemperatureReading,CPU1 Temp,CPUSensor,2022-02-07T09:38:11Z,47
dell_poweredge_TemperatureReading,CPU1 Temp,CPUSensor,2022-02-07T09:38:16Z,47
dell_poweredge_TemperatureReading,CPU1 Temp,CPUSensor,2022-02-07T09:38:20Z,47
dell_poweredge_TemperatureReading,CPU1 Temp,CPUSensor,2022-02-07T09:38:25Z,47
dell_poweredge_TemperatureReading,CPU1 Temp,CPUSensor,2022-02-07T09:38:30Z,47
dell_poweredge_TemperatureReading,CPU1 Temp,CPUSensor,2022-02-07T09:38:35Z,47
dell_poweredge_TemperatureReading,CPU1 Temp,CPUSensor,2022-02-07T09:38:40Z,47
dell_poweredge_TemperatureReading,CPU1 Temp,CPUSensor,2022-02-07T09:38:44Z,48
dell_poweredge_TemperatureReading,CPU1 Temp,CPUSensor,2022-02-07T09:38:49Z,48
dell_poweredge_TemperatureReading,CPU1 Temp,CPUSensor,2022-02-07T09:38:54Z,48
dell_poweredge_TemperatureReading,CPU1 Temp,CPUSensor,2022-02-07T09:38:59Z,48
dell_poweredge_TemperatureReading,CPU1 Temp,CPUSensor,2022-02-07T09:39:04Z,48
dell_poweredge_TemperatureReading,CPU1 Temp,CPUSensor,2022-02-07T09:39:08Z,47
dell_poweredge_TemperatureReading,CPU1 Temp,CPUSensor,2022-02-07T09:39:13Z,47
dell_poweredge_TemperatureReading,CPU1 Temp,CPUSensor,2022-02-07T09:39:18Z,47